timestamp,price_spread,volatility,gas_cost,liquidity_score,gas_efficiency,profit
2025-01-01 00:00:00,0.0024967141530112327,0.003666022702701539,0.009114097311038322,0.635844547856597,0.6869524336039503,1.5789739973297323
2025-01-01 00:05:00,0.0018617356988288153,0.0022089763457015135,0.007979998083644359,0.709910902773146,0.7147963320158679,1.3185498291929936
2025-01-01 00:10:00,0.0026476885381006925,0.02023568229408261,0.011004864982039099,0.6720191491269566,0.6450600578840081,1.7678299275889044
2025-01-01 00:15:00,0.0035230298564080257,0.02451589879023199,0.01495013345871189,0.3735595069567692,0.5722438806600516,1.317980746821387
2025-01-01 00:20:00,0.001765846625276664,0.0006419149347206423,0.005697533444210189,0.7612722608778397,0.778284812564613,1.346716681295852
2025-01-01 00:25:00,0.0017658630430508195,0.055043881088978175,0.010351101267813119,0.660042456914342,0.6589546726335659,1.156379544840909
2025-01-01 00:30:00,0.0035792128155073917,0.0010674097135801607,0.009530958162514619,0.6096644798565186,0.6772553701080778,2.173164881576261
2025-01-01 00:35:00,0.002767434729152909,0.015587017761912441,0.012231163938377119,0.6433303766253636,0.6205174606240741,1.759415481295548
2025-01-01 00:40:00,0.001530525614065048,0.02469280008122478,0.010660486775790469,0.6259071455917095,0.6523053644338096,0.9438865396482425
2025-01-01 00:45:00,0.002542560043585965,0.040954071049095216,0.00798044595090545,0.6531782121340559,0.7147848906730094,1.6488348212199342
2025-01-01 00:50:00,0.0015365823071875379,0.025041349457440524,0.009087218922832282,0.607048234764696,0.687587220114083,0.92793914864777
2025-01-01 00:55:00,0.0015342702464297433,0.03236231745193452,0.00787566271890918,0.21161382624231767,0.7174717315844548,0.32137502969239246
2025-01-01 01:00:00,0.002241962271566034,0.008293654982928672,0.013809920829601923,0.1946998598199105,0.5915423493831198,0.42709427290871116
2025-01-01 01:05:00,0.0001,0.03372909138695847,0.010064139766154754,0.6965496120343068,0.6652443793690501,0.061238968341533764
2025-01-01 01:10:00,0.0002750821674869673,0.0016701289951632531,0.017688987993747064,0.16055177179667252,0.5306589819635958,0.043851616754252205
2025-01-01 01:15:00,0.0014377124707590273,0.04504100637570432,0.009819663439833443,0.38055565399787444,0.6706983812997626,0.5460318778777946
2025-01-01 01:20:00,0.0009871688796655761,0.01586343365757859,0.008085425038747528,0.6359635352003497,0.7121131324310519,0.6131630236563546
2025-01-01 01:25:00,0.002314247332595274,0.03399795219331037,0.006350101361449527,0.6859370527170113,0.7590103630212296,1.5824309073638614
2025-01-01 01:30:00,0.0010919759244787891,0.012041219438700929,0.005821996185390936,0.5642615754133203,0.7745334580800227,0.6059582228353414
2025-01-01 01:35:00,0.0005876962986647086,0.020632780034401773,0.006217353352025172,0.5130672925918838,0.7628535089509746,0.3028464716564639
2025-01-01 01:40:00,0.003465648768921554,0.014947956279175391,0.010834365665174124,0.3460408077119714,0.6486269319491467,1.1994274986795577
2025-01-01 01:45:00,0.0017742236995134644,0.026304756699738415,0.011648793354926093,0.9588698733155286,0.631935624708012,1.685589840845745
2025-01-01 01:50:00,0.002067528204687924,0.0017030979977791234,0.006222849260835454,0.5840788623329701,0.7626936265034536,1.2001346609067105
2025-01-01 01:55:00,0.0005752518137865433,0.0012450006263803016,0.01308016011571679,0.8828658578002092,0.6045919950217458,0.4940158239965649
2025-01-01 02:00:00,0.0014556172754748174,0.005676543150798328,0.008650929549058382,0.12294053904206702,0.6980576307569506,0.1666268555701861
2025-01-01 02:05:00,0.0021109225897098663,0.003476229730303001,0.010450219642277637,0.20469733024781736,0.6568097122107992,0.4316409272793437
2025-01-01 02:10:00,0.0008490064225776972,0.041080711140047965,0.016220101096061913,0.4347593048395902,0.5521795741805516,0.36069737947557456
2025-01-01 02:15:00,0.002375698018345672,0.004949083163611079,0.013087229242803674,0.7300773231261837,0.6044628232008853,1.7297394359101022
2025-01-01 02:20:00,0.001399361310081195,0.07448205618868187,0.009226002892228448,0.5775148732190558,0.6843221111607515,0.7973317695987565
2025-01-01 02:25:00,0.0017083062502067233,0.008216462486628587,0.0076539926396565145,0.32686403440191286,0.7232228727550719,0.5527864432818428
2025-01-01 02:30:00,0.001398293387770603,0.0040207420795770575,0.005243768779799964,0.6668467655216636,0.7922747262684476,0.9214180063450073
2025-01-01 02:35:00,0.003852278184508938,0.03118426195188695,0.008059399880406954,0.3291955760133472,0.712773619009771,1.2604783643096475
2025-01-01 02:40:00,0.001986502775262066,0.021500324106830372,0.009386251585467109,0.3358671834135727,0.6805903754628898,0.6581386481073525
2025-01-01 02:45:00,0.0009422890710440997,0.013790902174468676,0.007436729990691051,0.31198374929009903,0.7289498423021169,0.296638606788701
2025-01-01 02:50:00,0.002822544912103189,0.016209965982312412,0.009613881108190697,0.47387430463028274,0.675358961796748,1.3294844270419421
2025-01-01 02:55:00,0.0007791563500289778,0.025402378794579326,0.010233233988171785,0.4370166534538474,0.6615236731811305,0.3366530853591805
2025-01-01 03:00:00,0.0022088635950047552,0.005187198913734135,0.009347681068273524,0.7276606055159256,0.6814848489552762,1.5985972647576259
2025-01-01 03:05:00,0.0001,0.1121726246409541,0.008228340209789683,0.19093624532622988,0.7085078276428004,0.011175209817634838
2025-01-01 03:10:00,0.0006718139511015695,0.0736127995578019,0.010518982631324792,0.4121630844894641,0.6553298398443967,0.2717198718462008
2025-01-01 03:15:00,0.0021968612358691238,0.021015061802651138,0.011417728601051292,0.4193784046344075,0.6365832569872911,0.9195233281560264
2025-01-01 03:20:00,0.0027384665799954104,0.004451435569377867,0.007209974177174096,0.744969750499159,0.7350245858291773,2.0286647552228745
2025-01-01 03:25:00,0.0021713682811899705,0.022802955905507374,0.015269613485878186,0.6480399584370606,0.5670603679285547,1.4012836549588188
2025-01-01 03:30:00,0.0018843517176117595,0.0014987474366858658,0.009708566628269948,0.7850618387338136,0.6732064946199218,1.46746219447346
2025-01-01 03:35:00,0.0016988963044107111,0.0006226423304723895,0.010056709059373652,0.3212643487593931,0.6654088430137926,0.5401490331292601
2025-01-01 03:40:00,0.0005214780096325726,0.005959575062777931,0.012367219951661526,0.8008997832357483,0.6179091077290167,0.41040013671347253
2025-01-01 03:45:00,0.0012801557916052914,0.01242110603746878,0.010724704718635372,0.5855765345892076,0.6509419759490627,0.7400318759728017
2025-01-01 03:50:00,0.0015393612290402125,0.04054039850381681,0.013310139100355748,0.361570700017049,0.600417786900998,0.5519632351480139
2025-01-01 03:55:00,0.003057122226218916,0.02597805957635778,0.010899559140098219,0.22846505578729256,0.6472584255755963,0.6943819774307366
2025-01-01 04:00:00,0.0023436182895684617,0.02715075809498644,0.008321594479163164,0.8269567874682507,0.7061749300419667,1.9318362927897885
2025-01-01 04:05:00,0.00023695984463726607,0.011084871588148278,0.011145503583914416,0.3345642470688098,0.6421472668154037,0.06364570946423653
2025-01-01 04:10:00,0.002324083969394795,0.008490970653789653,0.007095545769708633,0.4223524235004142,0.7381287009305761,0.9694372668644191
2025-01-01 04:15:00,0.0016149177195836834,0.009273713010945941,0.010331040506480916,0.40884306563241835,0.6593905011510088,0.6591039719770991
2025-01-01 04:20:00,0.0013230779996940413,0.08788127783033009,0.009900805285485597,0.5774438679561503,0.6688783064216791,0.7634720254793272
2025-01-01 04:25:00,0.002611676288840868,0.0008187148408785734,0.009394740729263275,0.28500955983894416,0.6803938222897625,0.737122685086637
2025-01-01 04:30:00,0.003030999522495951,0.040352859835114774,0.00962172766550934,0.7824059410796327,0.6751800646417868,2.3627237951605617
2025-01-01 04:35:00,0.0029312801191161988,0.01728703482705325,0.00568613286128749,0.4529237698821357,0.7786302480021323,1.326544653663591
2025-01-01 04:40:00,0.0011607824767773615,0.01154698162069319,0.008482181089404487,0.8713098521431718,0.7021934147957545,1.0074766882687005
2025-01-01 04:45:00,0.0016907876241487854,0.02583843134977741,0.010282450049936144,0.39774797501111736,0.6604485425393172,0.6582791436351683
2025-01-01 04:50:00,0.002331263431403564,0.01333668607198428,0.010491254555074768,0.6977107654072465,0.6559257823870461,1.6147975306099092
2025-01-01 04:55:00,0.002975545127122359,0.041338126825355336,0.00734693008685458,0.18898524933067357,0.7313435159441835,0.5592827794303612
2025-01-01 05:00:00,0.00152082576215471,0.046192569592407494,0.01461864027065783,0.797891991088843,0.57772344158045,1.2053063004584421
2025-01-01 05:05:00,0.001814341023336183,0.010953974027080496,0.007711653594159956,0.900855661226696,0.7217180285558588,1.6400044478891267
2025-01-01 05:10:00,0.0008936650259939718,0.006482158141702839,0.013375467603122448,0.00856140171846572,0.5992425405937652,0.0063964839039062586
2025-01-01 05:15:00,0.0008037933759193292,0.017946942438818187,0.011367329430106626,0.4837654078967339,0.6376060813390072,0.376313422297335
2025-01-01 05:20:00,0.002812525822394198,0.04869111879047198,0.0082376647533962,0.45382457181055064,0.7082738666480755,1.2746662127607413
2025-01-01 05:25:00,0.0033562400285708227,0.004731217979000491,0.017033438126731155,0.07399517626464262,0.5400524772115007,0.25369015919167043
2025-01-01 05:30:00,0.0019279898784196662,0.01950842915399151,0.006990094276313228,0.4299031674008502,0.7410126024477135,0.8263839623844744
2025-01-01 05:35:00,0.0030035328978920244,0.019969560004510868,0.013175135053000941,0.33339045662197353,0.6028611479063398,0.9924234972901937
2025-01-01 05:40:00,0.0023616360250476344,0.02641860030253711,0.013500946423167653,0.34040599405013955,0.5969980593195706,0.8041092253105644
2025-01-01 05:45:00,0.0013548802453948758,0.0028213125940532084,0.008177602626965893,0.7422852504519634,0.7097835917687352,1.002955236563791
2025-01-01 05:50:00,0.002361395605508414,0.025163298182542197,0.015185251837958179,0.33078565197209914,0.5684199758497624,0.7709623172815929
2025-01-01 05:55:00,0.0035380365664659692,0.0479450641257849,0.00927730540334021,0.8653593103620248,0.6831229761232817,3.0555518086744367
2025-01-01 06:00:00,0.0019641739608900486,0.003961291215602891,0.010904692288408204,0.3118255399067114,0.6471509184869522,0.6140655721031881
2025-01-01 06:05:00,0.0035646436558140066,0.0054241918337432395,0.010812270478658773,0.5908938137470828,0.6490920561616004,2.1058464309076768
2025-01-01 06:10:00,0.0001,0.07108354077723023,0.009605083317323695,0.15093542708670377,0.6755596593202902,0.013311550479419473
2025-01-01 06:15:00,0.002821902504375224,0.003992861095103158,0.012753778427306371,0.419691184964604,0.6106165749514345,1.1771845603039925
2025-01-01 06:20:00,0.002087047068238171,0.03853579535513316,0.0126876833656134,0.28863120673897513,0.6118512522377001,0.6048612215764907
2025-01-01 06:25:00,0.0017009926495341326,0.013556418851070982,0.005918159474758467,0.5366581206012198,0.7716597322228022,0.9036246875994303
2025-01-01 06:30:00,0.0020917607765355024,0.005679939399887409,0.014789051830697746,0.6689030226461321,0.57489350665062,1.3914855610601988
2025-01-01 06:35:00,0.0001,0.04092012003489698,0.00607290756762662,0.406483399793577,0.7670797722933274,0.03132967072781455
2025-01-01 06:40:00,0.0017803281121624881,0.011786746511199115,0.013631031947118967,0.09873392337642493,0.5946888585354074,0.17975981550863596
2025-01-01 06:45:00,0.0023571125715117465,0.014464597382022363,0.014021566856699398,0.4054825359591554,0.5878624016419066,0.9487922549725579
2025-01-01 06:50:00,0.003477894044741516,0.008901799183556157,0.007208747101953332,0.5728741369865,0.7350577343770522,1.9946087608152356
2025-01-01 06:55:00,0.0014817297817263527,0.01797642685370157,0.008840476753685305,0.2308787537104812,0.69346981226461,0.3425159108673639
2025-01-01 07:00:00,0.0011915063971068124,0.0035711459523526273,0.007176944191867354,0.5822933116494846,0.73591791110882,0.683511018071556
2025-01-01 07:05:00,0.0014982429564154636,0.009921418127269472,0.00937558325612026,0.16350081884393608,0.6808375454411819,0.250554173321959
2025-01-01 07:10:00,0.0029154021177020743,0.06974316083642287,0.009117310030092161,0.30108150065842726,0.6868766372762594,0.8827848175668077
2025-01-01 07:15:00,0.0023287511096596845,0.005971717608480124,0.012635158088020296,0.5245766321318893,0.6128360079046651,1.2193917379654056
2025-01-01 07:20:00,0.0014702397962329612,0.021385147690342055,0.01481555610337902,0.41368946599537765,0.574455853602146,0.5982857373707541
2025-01-01 07:25:00,0.0025132674331133564,0.007866484087778541,0.015199921087562636,0.6568344950216716,0.5681830919520641,1.6392868430197185
2025-01-01 07:30:00,0.0020970775493480403,0.0296978338141433,0.008448041885766411,0.05134079585533765,0.7030360852360361,0.10795903724708382
2025-01-01 07:35:00,0.0029686449905328895,0.002805335592202735,0.009391626842449461,0.4898301460649727,0.6804659064027919,1.4460129553830927
2025-01-01 07:40:00,0.0012979469061226477,0.070012209088488,0.006034865908486547,0.4272547413000051,0.7682006149100477,0.5604372773863793
2025-01-01 07:45:00,0.0016723378534022318,0.012095018443294756,0.00785243812736932,0.6366449726577876,0.7180699911634276,1.0604079040555812
2025-01-01 07:50:00,0.0016078918468678425,0.005385070869954405,0.013356999878829502,0.6058256543482649,0.5995743044233809,0.9524933768226924
2025-01-01 07:55:00,0.0005364850518678815,0.0015267544511187415,0.016236469894204738,0.5010783693665695,0.551930142709585,0.2623820901844211
2025-01-01 08:00:00,0.002296120277064576,0.003720758802091879,0.006905239224891557,0.668857348265762,0.7433496440164289,1.529417512835471
2025-01-01 08:05:00,0.0022610552721798894,0.01466996690859163,0.0083716066145251,0.020623157043743557,0.7049301180484019,0.04608281622423816
2025-01-01 08:10:00,0.002005113456642461,0.008219701596103333,0.00992109567103147,0.22472079784559995,0.668424720133604,0.4465181223840174
2025-01-01 08:15:00,0.001765412866624853,0.03530819768244315,0.010876814793766195,0.30052629425707067,0.6477352062894084,0.5313194498802617
2025-01-01 08:20:00,0.0005846292579495859,0.011273543813711848,0.007843648037289572,0.6779774252780011,0.7182966820014038,0.3966460616385071
2025-01-01 08:25:00,0.001579354677234641,0.005719384739517021,0.011356649215214155,0.5658806663008037,0.6378232528205232,0.8887150346652727
2025-01-01 08:30:00,0.0016572854834732305,0.019201978331469357,0.008674895579999137,0.14248432414771958,0.6974742050656354,0.23320460946305094
2025-01-01 08:35:00,0.001197722730778381,0.0245364521391869,0.009956737042334518,0.4377523761189916,0.6676294541603855,0.5197407000072437
2025-01-01 08:40:00,0.001838714288333991,0.003655438953716936,0.011780791515033124,0.5741596939979156,0.6293109468510087,1.0490495755710028
2025-01-01 08:45:00,0.0024040508568145386,0.003669305402615214,0.0100192853818559,0.32334522584442693,0.6662383779491399,0.770086528944265
2025-01-01 08:50:00,0.00388618590121053,0.0007472145601896547,0.008772916680493521,0.15036219921769423,0.6950981098679827,0.5859109868720358
2025-01-01 08:55:00,0.002174577812831839,0.026666602415796683,0.009676518251425372,0.36858641934548836,0.6739335063013799,0.8002534280251095
2025-01-01 09:00:00,0.0022575503907227646,0.02180125050294198,0.009738393885447495,0.871100547351077,0.6725312764717606,1.9657724669861878
2025-01-01 09:05:00,0.001925554084233833,0.012873083392705856,0.008949357876132574,0.924468760218113,0.6908616103187936,1.7781179441055213
2025-01-01 09:10:00,0.0001,0.03717984981352301,0.009252985666438835,0.4569667082153499,0.6836908966507806,0.03803998983242797
2025-01-01 09:15:00,0.0019734861245507833,0.032763966423387025,0.016154186533339977,0.4328449836002325,0.5531862812500783,0.8513228024839165
2025-01-01 09:20:00,0.0020602302099410265,0.01760662027271843,0.011832629502429654,0.5735812352606291,0.6282861426346662,1.170167647577382
2025-01-01 09:25:00,0.004463242112485286,0.04054021253058005,0.009151712292621138,0.519739390922109,0.6860660464552673,2.3184458922128526
2025-01-01 09:30:00,0.0018076390352188775,0.004609437007411471,0.012325513894421361,0.22478950304583786,0.6187063279279077,0.4009845632761972
2025-01-01 09:35:00,0.0023015473423336126,0.0023738604278056917,0.009047054599023613,0.18471141606823938,0.688537969721456,0.41833470836742415
2025-01-01 09:40:00,0.0019652882302947567,0.006287356114562158,0.014218195026270301,0.749416027304169,0.5844843652520368,1.463563381536601
2025-01-01 09:45:00,0.000831321962380468,0.0011756221345992541,0.011172749695071068,0.17091850370525588,0.6415860068694015,0.126805840606461
2025-01-01 09:50:00,0.0031428228145150205,0.015150280856678877,0.009683219604829256,0.8674454476948016,0.6737813574894732,2.7090728007251537
2025-01-01 09:55:00,0.002751933032686774,0.05516762410803933,0.011437531340342599,0.10207720435984184,0.636182268368342,0.2788546599192955
2025-01-01 10:00:00,0.002791031947043047,0.0008027683281876446,0.006242134850659099,0.866272666119163,0.7621331158389989,2.412799504022557
2025-01-01 10:05:00,0.001090612545205261,0.002604677599662335,0.007131737207189423,0.3750042546131254,0.7371440998146024,0.40446331894015275
2025-01-01 10:10:00,0.0034027943109360996,0.012036864966038618,0.006989489992058622,0.08198224291117921,0.7410291934336215,0.2704985142159998
2025-01-01 10:15:00,0.0005981489372077192,0.0543241730775199,0.010438156865550514,0.7217774266877539,0.6570700088163264,0.4201069154613297
2025-01-01 10:20:00,0.00258685709380027,0.00760051222113574,0.016816147623350885,0.5527466750314622,0.5432398904038201,1.4225376343301925
2025-01-01 10:25:00,0.0041904556258099785,0.014154450075426903,0.019530456850385534,0.5397833224253171,0.5059390048462075,2.2543047541415278
2025-01-01 10:30:00,0.0010094636748693116,0.000849234660021034,0.012109622971449272,0.45891807172473625,0.6228662360122784,0.45762268273583984
2025-01-01 10:35:00,0.001433702270397228,0.0032114330267283787,0.011621286219883743,0.44379443659233186,0.6324853410745773,0.6368957980668383
2025-01-01 10:40:00,0.0020996513650876412,0.08629502169066758,0.005825633638912752,0.3223077778784459,0.7744243676509457,0.6768433038852475
2025-01-01 10:45:00,0.0014965243458838007,0.06711608615639818,0.008497593052261769,0.4282521278854373,0.7018136571506925,0.6335133449807732
2025-01-01 10:50:00,0.0004493365689338673,9.904445947655231e-05,0.00789516042577168,0.5256960731150283,0.7169702448286503,0.23066150469601485
2025-01-01 10:55:00,0.0020685629748060275,0.06065281597357631,0.008300625002874786,0.15315072122654783,0.7066981735551209,0.30851633400221573
2025-01-01 11:00:00,0.0009376962862738952,0.02038419227137002,0.009508079847764932,0.6659165889926362,0.6777804622727726,0.6175552294145245
2025-01-01 11:05:00,0.0024735924306351817,0.040486691339530215,0.00867944789154951,0.31471833648978415,0.6973634944309045,0.7813138166172546
2025-01-01 11:10:00,0.0010805757657661968,0.01212984538184019,0.005522303919216851,0.0736190573418908,0.7836283144070364,0.08257087287686586
2025-01-01 11:15:00,0.0035499344050175397,0.014496721373955421,0.012515378521217937,0.42588697112574037,0.6150935621724036,1.5135507214266792
2025-01-01 11:20:00,0.001216746707663763,0.0134217099901772,0.007248265401478785,0.5203271223784769,0.7339916763624368,0.6278204177645897
2025-01-01 11:25:00,0.0016779384837943244,0.02198410474131167,0.010744125630395845,0.30407841904105903,0.6505307791296093,0.5136883236372317
2025-01-01 11:30:00,0.0028135172173696698,0.0030083490841891435,0.01863068390691503,0.2514187060988534,0.5177231665945197,0.7017202348040757
2025-01-01 11:35:00,0.0007691356835660447,0.0006086396183994254,0.007589530376528644,0.1704595482578861,0.7249126653136033,0.13717073866306528
2025-01-01 11:40:00,0.0022274599346041295,0.007361361760275618,0.004680939493093274,0.4018206368702751,0.8103419242041743,0.8930491877001762
2025-01-01 11:45:00,0.003307142754282428,0.02439396695081679,0.00917776605995928,0.2153638767272868,0.6854534359793243,0.713798682043473
2025-01-01 11:50:00,0.00039251676543877257,0.004509261088732207,0.013913686326210766,0.29537369464826,0.5897324109099477,0.11920495210423414
2025-01-01 11:55:00,0.0021846338585323043,0.022382368186639582,0.017994917002378905,0.2638989021672578,0.5263862005211849,0.5708064999196707
2025-01-01 12:00:00,0.0022598827942484235,0.0700726078045842,0.006915188433147506,0.17511397607063817,0.7430748645760518,0.39561806035038005
2025-01-01 12:05:00,0.0027818228717773103,0.0019721278744357393,0.011606843255238223,0.7926567951405198,0.6327743596059814,2.202274876141236
2025-01-01 12:10:00,0.000763049289121918,0.022331581678090726,0.008697120170344057,0.39024649603584155,0.6969340436002438,0.29371827489073854
2025-01-01 12:15:00,0.0006795433869157238,0.011730756795143472,0.009687153116436741,0.8480354280584896,0.6736920822807593,0.5614573565550953
2025-01-01 12:20:00,0.0025219415656168977,0.04052063244387033,0.02210686286288256,0.34976409711822504,0.47498195401372717,0.8850674630264891
2025-01-01 12:25:00,0.002296984673233186,0.0038996219811728763,0.006370602152017128,0.6747080032928741,0.7584203001777178,1.5431468238920512
2025-01-01 12:30:00,0.002250492850345877,0.023593797527607076,0.01079094106037529,0.7419619638234982,0.649541693473536,1.6625674072473968
2025-01-01 12:35:00,0.002346448209496976,0.036417417231952916,0.011506280819812946,0.8121762295920545,0.6347940626309297,1.9021643652966738
2025-01-01 12:40:00,0.001319975278421509,0.05786864774760546,0.013850495254973238,0.5554915052092941,0.5908333053727374,0.7224987522736859
2025-01-01 12:45:00,0.0022322536971610034,0.022992724699692442,0.010298312419401209,0.3854339123840556,0.6601027715059539,0.8513776175176647
2025-01-01 12:50:00,0.0022930724732986812,0.013750252252230793,0.01096820085427425,0.5462779819226876,0.6458237627078548,1.247932002971948
2025-01-01 12:55:00,0.0012856485819736322,0.01923869711101883,0.008891453395911105,0.5374130856583297,0.692246240641896,0.6771806061156599
2025-01-01 13:00:00,0.0038657745111447565,0.040636658187358225,0.01084086917906453,0.29850136703711566,0.6484901538889327,1.1492634315797865
2025-01-01 13:05:00,0.0024738329209117874,0.016907781841380115,0.009021651499128558,0.4599408339844254,0.6891406576431581,1.1348925441894457
2025-01-01 13:10:00,0.0008086965027973513,0.000617166354678104,0.012049903600556671,0.29844648536985885,0.6240268379357192,0.23640661812800814
2025-01-01 13:15:00,0.00265655360863383,0.05345811014598346,0.008950433726562101,0.798000143472756,0.6908359366529955,2.1050704587189952
2025-01-01 13:20:00,0.0010253183297726787,0.023393150720223008,0.011197776268860189,0.10052708158778899,0.6410713323809185,0.10991746940295215
2025-01-01 13:25:00,0.0027870846037424523,0.022571950877589782,0.00991259577431988,0.5126412017828089,0.6686146582159915,1.4242104864921057
2025-01-01 13:30:00,0.003158595579007404,0.004858639960360479,0.014018812368706758,0.254503950180589,0.5879100005971288,0.8074629693444615
2025-01-01 13:35:00,0.0011793176816482895,0.021510739873361776,0.00984700133576371,0.5408289906263876,0.6700840655652502,0.6311834663496759
2025-01-01 13:40:00,0.002963376129244322,0.010013031297917177,0.005874819596217721,0.3947752038680594,0.7729522490245119,1.1631481225479294
2025-01-01 13:45:00,0.0024127809269364983,0.02106702271374473,0.014602044354728016,0.39925401064500693,0.5780005306902395,0.9588284417162088
2025-01-01 13:50:00,0.0028220601599944902,0.002254261375653921,0.007620678461942015,0.38259306708967683,0.724095174836404,1.0757060977461763
2025-01-01 13:55:00,0.0038967929826539474,0.02144984636931713,0.00821905460913275,0.40189566547866795,0.7087409651749016,1.556912199284612
2025-01-01 14:00:00,0.0017546118839971295,0.1488344581940881,0.008363581168253973,0.5979609580429861,0.7051295773040488,1.0515372294344305
2025-01-01 14:05:00,0.0012462638356425105,0.0009882599778860137,0.015103349205953536,0.5324291210296724,0.5697462052027786,0.65239434452541
2025-01-01 14:10:00,0.0011104855703744768,0.07559726225124458,0.005269222554473707,0.7506697512593629,0.7914766652153754,0.8204511489818455
2025-01-01 14:15:00,0.0011841897150345617,0.010448113649091945,0.02563374514251254,0.319432197846067,0.4382721588495689,0.3767209100600858
2025-01-01 14:20:00,0.0019228982905858958,0.040920669220315065,0.013727513940873215,0.5294887370023533,0.5929876727665565,1.0083629331685118
2025-01-01 14:25:00,0.0023411519748166437,0.03050060113868585,0.01069265189995148,0.640072414024239,0.6516217648834578,1.4886236051415027
2025-01-01 14:30:00,0.0022766907993300193,0.01674110211853105,0.009836666593112222,0.3798740880583625,0.6703161674440197,0.852292208499613
2025-01-01 14:35:00,0.002827183249036024,0.026822535717053172,0.010894426361263625,0.8621443947151246,0.6473659606470833,2.4367523298008873
2025-01-01 14:40:00,0.002013001891877907,0.042159382019166795,0.011692198464718846,0.5277994937625765,0.6310701361492761,1.0498428401095696
2025-01-01 14:45:00,0.003453534077157317,0.010355001572974054,0.012135678724682268,0.7537656684480384,0.6223612132591653,2.5943002115941116
2025-01-01 14:50:00,0.001735343166762044,0.00792118449582013,0.011813777472528965,0.42455170213145543,0.6286584489147791,0.7362904375091538
2025-01-01 14:55:00,0.004720169166589619,0.02202792634344614,0.01027238572518724,0.07936779258843878,0.6606681145503374,0.37592269548161916
2025-01-01 15:00:00,0.0026256673477650064,0.03298915685942147,0.00942516808287502,0.7493944990244058,0.6796902550792796,1.9602992260094496
2025-01-01 15:05:00,0.0011428424435837173,0.02873366737641024,0.009556323747803411,0.4733579004057559,0.6766741415696658,0.5279416089530771
2025-01-01 15:10:00,0.0009291075019388878,0.03197130952895551,0.009432041931493924,0.8026277972780792,0.679531513530459,0.7341084644976024
2025-01-01 15:15:00,0.002482472415243185,0.01143924993483773,0.014051316915869312,0.45011915532539176,0.5873487962129059,1.11202262145668
2025-01-01 15:20:00,0.001776537214674149,0.034056762127717265,0.011949053971492802,0.7310964102815339,0.6259966263115462,1.2861481995650714
2025-01-01 15:25:00,0.002714000494092092,0.0025614192530714294,0.004139059146021374,0.9538676092990253,0.8285327062258937,2.5858658457836285
2025-01-01 15:30:00,0.002473237624573545,0.01572671256688566,0.012174642754025472,0.4661028845462359,0.6216075234432163,1.1505172719201142
2025-01-01 15:35:00,0.0019271710873431272,0.00011550611032507709,0.01060161079546889,0.43938351731332187,0.6535603675791261,0.8469215522098628
2025-01-01 15:40:00,0.0011532062819315952,0.007848583818863757,0.009944030944303113,0.627980350417233,0.6679127481934767,0.7118153322047308
2025-01-01 15:45:00,0.00048515277531413535,0.009128691252583723,0.008899806697029894,0.47637523574612967,0.6920461513694294,0.23785835047466247
2025-01-01 15:50:00,0.001553485047932979,0.010089340703773349,0.014010666172297157,0.30078454884002676,0.5880508161375175,0.46688750409143653
2025-01-01 15:55:00,0.0028563987943234725,0.023779530040622887,0.013287756291277859,0.5360639846176873,0.6008215100168962,1.5240808609897223
2025-01-01 16:00:00,0.002214093744130204,0.00983870685422813,0.007930545261756706,0.4988571368512556,0.7160619247696738,1.106007939729504
2025-01-01 16:05:00,0.000754261221288012,0.01190929171127857,0.011298848062287217,0.5714866450189626,0.6390011530200216,0.43642011291009564
2025-01-01 16:10:00,0.002173180925851182,0.005424212974639559,0.007471442398187341,0.8309016647323578,0.7280287547376714,1.7922980146224636
2025-01-01 16:15:00,0.002385317379728837,0.009344208011013525,0.006610766736341729,0.49295446408905524,0.7515754881533138,1.1714677304203505
2025-01-01 16:20:00,0.001116142563798867,0.005156501950660977,0.008286021394163479,0.26860066494826834,0.7070630302261875,0.2856788456578262
2025-01-01 16:25:00,0.002153725105945528,0.0015202617651077445,0.012952685416391399,0.969604489666087,0.6069308084388034,2.0766658079616276
2025-01-01 16:30:00,0.002058208718446,0.018498991906369125,0.013310092826923721,0.12856316574956284,0.6004186209842831,0.26472561215614426
2025-01-01 16:35:00,0.0008570297021693769,0.02206522950142138,0.01166404133445409,0.6445113257990099,0.6316313129062814,0.5446519322724584
2025-01-01 16:40:00,0.0023577873603482834,0.019324874602968365,0.012430011479431315,0.274635767213863,0.6167127018343787,0.6408463470422774
2025-01-01 16:45:00,0.0025607845263682346,0.012453552300338948,0.011674868955556911,0.7456294627761663,0.6314153983734566,1.8904436918332104
2025-01-01 16:50:00,0.003083051243175277,0.009553806895597998,0.008249401187897635,0.7668912420277479,0.7079796087347943,2.3599062720079673
2025-01-01 16:55:00,0.003053802052034903,0.0398042544378951,0.011383464914584964,0.32989173473031225,0.6372782627550255,1.0109459179004439
2025-01-01 17:00:00,0.000622330632042909,0.014641161096031871,0.01271405342495222,0.663530500846304,0.6113580527671713,0.401544101455916
2025-01-01 17:05:00,0.0010621749600848772,0.013047087830304989,0.01253935993377181,0.2715091892247628,0.614640240026433,0.28718601042358965
2025-01-01 17:10:00,0.00251503526720866,0.0005195310788402895,0.014285700964344223,0.22402703900060958,0.5833335599817315,0.5523947990406726
2025-01-01 17:15:00,0.002513785950912209,0.008348157628215953,0.012367551733789096,0.12914184240325258,0.617902773879608,0.32532384600975844
2025-01-01 17:20:00,0.002515047686306048,0.009567027297976104,0.011111932770430743,0.5903248370701344,0.6428401651410196,1.4761685542512741
2025-01-01 17:25:00,0.005852731490654722,0.010177310283959984,0.013785677136012486,0.6957876191529992,0.591966824269501,4.05885411619854
2025-01-01 17:30:00,0.002570890510693167,0.017358221097305414,0.009920751904206186,0.651028351577538,0.6684323998284432,1.663462102298222
2025-01-01 17:35:00,0.003135565640180599,0.015254342087057378,0.007675417563228689,0.3630708752208576,0.7226629897925466,1.1336777828102866
2025-01-01 17:40:00,0.002954001763493202,0.018725027165496396,0.009522572223106594,0.246944662762971,0.6774477457064697,0.729035587479242
2025-01-01 17:45:00,0.002651391251305798,0.028953462575737623,0.00799738249128112,0.1967713379644367,0.7143524937100229,0.5135833323276436
2025-01-01 17:50:00,0.0016847307553596543,0.033531408029703294,0.00816642805337577,0.5638540385467231,0.7100651868990887,0.9433519901771761
2025-01-01 17:55:00,0.0027589692204932677,0.025325694876627818,0.009575708161710259,0.9126439597248843,0.6762306380170703,2.509010023046185
2025-01-01 18:00:00,0.0012271747854624283,0.062255974500084105,0.007884187069069177,0.7814281038868872,0.7172523965091745,0.9472927442669716
2025-01-01 18:05:00,0.0017631813932599911,0.00036801689165400056,0.009117509029991389,0.7607522413471406,0.6868719429055471,1.3433913574024188
2025-01-01 18:10:00,0.0015146364521708966,0.004357598214250259,0.0056660979744837135,0.573462934162748,0.7792380446721298,0.8610710894817691
2025-01-01 18:15:00,0.0020818741393863224,0.00015183237062831378,0.010660797253562842,0.9450074652095333,0.6522987590505646,1.9539648857888776
2025-01-01 18:20:00,0.004314658566673509,0.020852658528155033,0.010003617080092397,0.17339075545959662,0.6665862967991995,0.7414958339537819
2025-01-01 18:25:00,0.00013273480740825204,0.04566164020132954,0.007826054624773529,0.6061793505716271,0.7187508351325527,0.08470950707869153
2025-01-01 18:30:00,0.0026862601903745137,0.0055805868855554695,0.012186865744876933,0.7813962164871724,0.6213714674341453,2.0922753046178704
2025-01-01 18:35:00,0.00038728412881034835,0.052355383324474376,0.013248126341997358,0.1956635159667099,0.6015376564163559,0.06850223930987233
2025-01-01 18:40:00,0.0015280681342105665,0.0012431980387744128,0.006173816064483259,0.4853019028783693,0.764122432538186,0.7441093663703724
2025-01-01 18:45:00,0.003088950596967366,0.05449457846000236,0.007954737470513978,0.49316842088876317,0.715442240196158,1.5204533562643248
2025-01-01 18:50:00,0.002064280019095463,0.008665649586130768,0.007939437175571329,0.34239554012967366,0.7158340332455542,0.7053681113425863
2025-01-01 18:55:00,0.0009222552220706939,0.0021388092278387372,0.007542956113368835,0.17169585773715207,0.7261384695846927,0.15532992104247464
2025-01-01 19:00:00,0.0012846962907400318,0.013305650977988233,0.012825399562901223,0.884773299773861,0.6092842818767604,1.121570325338326
2025-01-01 19:05:00,0.002679597748934676,0.005935171261563438,0.009435104470009238,0.27109136805295203,0.6794608125266737,0.7255468747070877
2025-01-01 19:10:00,0.0012696333682828635,0.006705899851833239,0.00923712454322184,0.3283060043548363,0.6840617985682412,0.41107021853602815
2025-01-01 19:15:00,0.002216458589581975,0.007342875743225572,0.005481760912122451,0.366173044553541,0.7848751139677081,0.8186838949392483
2025-01-01 19:20:00,0.002045571839903814,0.03249366039930847,0.012100061098549088,0.4336201838707415,0.6230517735962812,0.8754079510952872
2025-01-01 19:25:00,0.001348399652394183,0.01549414276276521,0.006895076281825402,0.5775323201852529,0.7436305363266505,0.7824430342455788
2025-01-01 19:30:00,0.004143944089325326,0.007459213915069051,0.010181423985871772,0.7122514318486434,0.6626592572094081,2.943721783066502
2025-01-01 19:35:00,0.0026339190223180113,0.018849295219090248,0.010867733550525836,0.7398927523659629,0.6479257690644182,1.9422720663133666
2025-01-01 19:40:00,0.0001,0.025186234492962027,0.015041043108659231,0.911076127883734,0.5707592647279859,0.081569866306751
2025-01-01 19:45:00,0.0021864543147694275,0.006366234844160921,0.0067526766921004715,0.582248633519846,0.7475887452378026,1.2659770537764716
2025-01-01 19:50:00,0.001338213535231612,0.010673326679182043,0.004041966965945655,0.8790605228921126,0.8318786906382944,1.1771387983508996
2025-01-01 19:55:00,0.002852433334796224,0.002599579190428011,0.010567042468448981,0.4100689035197075,0.6542994802537345,1.1518232751675612
2025-01-01 20:00:00,0.0012074792615672995,0.003997071354442774,0.017162700396581965,0.5244146855034801,0.5381740235927391,0.6206195374098161
2025-01-01 20:05:00,0.001885263558533101,0.022858673852523406,0.01450174517202869,0.47341153040242206,0.5796808219491004,0.8810198990449701
2025-01-01 20:10:00,0.002504987278980457,0.004004131229672945,0.010649180252283919,0.7048211796596074,0.6525460007534667,1.7517947911536342
2025-01-01 20:15:00,0.0028657551941701216,0.014895689994642,0.008628703286394073,0.33367257901719416,0.6985995767927462,0.9522699906011247
2025-01-01 20:20:00,0.0007997035929442238,0.02469181998879371,0.012739684330168038,0.783937330195495,0.610879439102318,0.6188591353200229
2025-01-01 20:25:00,0.0016654987641590516,0.0022606176704094085,0.007467208489235195,0.449797229599965,0.7281409760965806,0.7492913003221001
2025-01-01 20:30:00,0.0015250546888390438,0.01675477745136294,0.011536228914099155,0.5240556149380021,0.6341912361962353,0.794372231021987
2025-01-01 20:35:00,0.0013466707674262882,0.005929419201849683,0.011637424334860105,0.3259956839721935,0.6321627130045078,0.4318866404823064
2025-01-01 20:40:00,0.0037654542402810968,0.06589725943615851,0.01374462811517721,0.4435910003730223,0.5926869287679204,1.6660697021588897
2025-01-01 20:45:00,0.0024049817109609555,0.013215367426536142,0.02288503273842939,0.41579983723200364,0.46636317435005586,0.9910968395500773
2025-01-01 20:50:00,0.0007391160456649548,0.032797174348707187,0.011249344757176693,0.5698673761934718,0.6400134196544015,0.41946776790459417
2025-01-01 20:55:00,0.002917861947054776,0.015980224999872224,0.008583965663668652,0.16591500738093956,0.6996929759617221,0.4865775612703681
2025-01-01 21:00:00,0.004122156197012634,0.0008876609855973225,0.009923570632611088,0.4848974379270873,0.6683694351035683,1.9941634467614535
2025-01-01 21:05:00,0.003032465260551147,0.020056119671487047,0.0058817969650726346,0.5513293233079474,0.772743871957187,1.6641579478831279
2025-01-01 21:10:00,0.00048063003404598664,0.06048401040249465,0.008118709018525263,0.40864307518849996,0.7112702075626421,0.18982373014145423
2025-01-01 21:15:00,0.0015157659271337488,0.018406568455076492,0.008844540372215923,0.7895334245148313,0.6933721162450799,1.1870158561662814
2025-01-01 21:20:00,0.003266911149186623,0.03420604429415458,0.00854510473710093,0.6581363983752028,0.7006455286886861,2.142872961412483
2025-01-01 21:25:00,0.0012923305343812194,0.04311893060308067,0.01046767099526315,0.7274450894687855,0.6564335030107626,0.9338250974804592
2025-01-01 21:30:00,0.0024438194281462284,0.005177481316730005,0.00781354771256589,0.2707550016315828,0.7190740356709041,0.6631366480820017
2025-01-01 21:35:00,0.0027746340534293367,0.004766281883603115,0.013997717676121822,0.5279532272164745,0.5882747833407338,1.4572312691668958
2025-01-01 21:40:00,0.0010730695284219172,0.01888254129419061,0.010000621214049146,0.06833451499103059,0.66665286219587,0.07272492211559693
2025-01-01 21:45:00,0.0019404746439382,0.010587548646671545,0.009972137923597557,0.3237109784718368,0.6672863994881616,0.62564138668932
2025-01-01 21:50:00,0.0001,0.03663429964337848,0.009063149422618448,0.7702603672388165,0.6881566656514853,0.0674655253556136
2025-01-01 21:55:00,0.0009756123586657102,0.046056327074257115,0.010476580087959752,0.2330161916156874,0.6562416105178847,0.220265302228014
2025-01-01 22:00:00,0.0017474318486068398,0.008721209568470294,0.012808571207269496,0.5559654631745656,0.6095967993744433,0.9556134443662816
2025-01-01 22:05:00,0.0007522168180351505,0.005406552292168861,0.0077094436719120606,0.21668553168035207,0.7217755880199497,0.15784822946345686
2025-01-01 22:10:00,0.0036324113039316354,0.030330385915848974,0.008208335368026958,0.14922200614082123,0.7090102885925419,0.5431765648969202
2025-01-01 22:15:00,0.0005698586220393674,0.006426322454683315,0.009129101558664211,0.7185541092582406,0.686598588003864,0.3993999439336143
2025-01-01 22:20:00,0.0015599555133030162,0.0345885785103807,0.006678035222740561,0.4946086383047695,0.7496803956144359,0.767075423155622
2025-01-01 22:25:00,0.0021307405772860912,0.011023866015108203,0.007820963330999934,0.10172496101993005,0.7188823680204738,0.21828607141508818
2025-01-01 22:30:00,0.0034412732890661156,0.022025310064107403,0.008668699945478614,0.09659549568169373,0.6976249372324339,0.3341775892474779
2025-01-01 22:35:00,0.0005641378488205606,0.002008240345822516,0.01299938238137398,0.536339360267551,0.6060719491310452,0.2901995882480023
2025-01-01 22:40:00,0.00316316375215496,0.019555841381307483,0.01081953711165109,0.6899107969834888,0.6489390131832692,2.1798216065490874
2025-01-01 22:45:00,0.002010233061019587,0.0120211227592557,0.010597965687268514,0.32451418376023733,0.653638225639353,0.6545467012268692
2025-01-01 22:50:00,0.0010184913489520492,0.017667202081332097,0.012908093034160831,0.6814784256960218,0.6077532350245469,0.6796340448631095
2025-01-01 22:55:00,0.002462103474263271,0.0036787982984631583,0.009596261125075873,0.566982838155707,0.6757610333102076,1.3864103159542314
2025-01-01 23:00:00,0.00219905969557347,0.026702426094970654,0.01124276204672896,0.427999159436488,0.6401482676239233,0.9423392619660909
2025-01-01 23:05:00,0.0013997831228412055,0.03972588526423755,0.009695080259611029,0.5664105347156728,0.6735122392379073,0.7866262438942274
2025-01-01 23:10:00,0.002069802084990019,0.0048858065337707875,0.010828632655879647,0.2387227494453461,0.6487475530701358,0.48042491383892266
2025-01-01 23:15:00,0.00161468640313824,0.002012204225256019,0.008396017579161747,0.47464579197881224,0.7043241167267372,0.7554205646779769
2025-01-01 23:20:00,0.0021135173452512483,0.00047844919863147985,0.004811168305164852,0.3048060086734422,0.8060886030843083,0.6414994651341066
2025-01-01 23:25:00,0.0026621306745210466,0.020542853760991745,0.009605168551148754,0.4464998528310423,0.6755577143715992,1.1785370347947224
2025-01-01 23:30:00,0.003586016816145352,0.01868369946647836,0.015323836141123804,0.3708414730422278,0.5661899211653323,1.3220939256331279
2025-01-01 23:35:00,0.0007621845011731509,0.015823908267671313,0.013203074427758163,0.20377340434762375,0.6023538586318309,0.15278447618946694
2025-01-01 23:40:00,0.004133033374656267,0.005277933258825777,0.013359187339429531,0.6101276817225841,0.5995349885625246,2.5208385343801667
2025-01-01 23:45:00,0.0001,0.009915653301304103,0.014489500874512801,0.8894346972635343,0.5798866174598568,0.07460373532139249
2025-01-01 23:50:00,0.0018482149049644167,0.01805152095078644,0.010269541417171223,0.6344311257206667,0.6607301948966579,1.1714124550062228
2025-01-01 23:55:00,0.0025883172064845765,0.013734034299838318,0.010609818067537968,0.5222855311321477,0.6533851313938454,1.3534430732728382
2025-01-02 00:00:00,0.0022809918677350327,0.08810266326762653,0.00830858671796705,0.6132085062103195,0.7064994165641724,1.400800268188403
2025-01-02 00:05:00,0.0013773004801794064,0.0029338322523065462,0.009095349474957225,0.7803722113077953,0.6873950772515821,1.0691330363374298
2025-01-02 00:10:00,0.0017918777496427247,0.023758351248409273,0.01202895232812639,0.8671563157718304,0.6244350359982551,1.5335906799710555
2025-01-02 00:15:00,0.0015069990653411671,0.01036099201620799,0.014350006915827197,0.45565740741004634,0.5822415130514792,0.6824407244621565
2025-01-02 00:20:00,0.0014106352430557885,0.011179306513034315,0.0095902907865808,0.38567543767890466,0.6758973794563047,0.5455906246133144
2025-01-02 00:25:00,0.0028496020970210246,0.025288457228381057,0.008736663039827371,0.541498638279176,0.6959750327406194,1.5379194285080215
2025-01-02 00:30:00,0.0023570154859650473,0.023581451506396293,0.01000158400200967,0.30389434769256185,0.6666314684804739,0.7219671781128079
2025-01-02 00:35:00,0.0013070904047393457,0.0947877361572874,0.011976508638173103,0.1894267577477926,0.6254591527270205,0.24962839405989395
2025-01-02 00:40:00,0.0028995998754332507,0.0027483624827316622,0.006484590357989061,0.608531083544623,0.755156101327692,1.7633919461321237
2025-01-02 00:45:00,0.0023072995208766093,0.002198745000813108,0.005021510611453138,0.6166967954013596,0.7993122521885376,1.4252393746095695
2025-01-02 00:50:00,0.00281286211883896,0.025771655313470844,0.008477571576927537,0.20501604001341558,0.702307075094983,0.5766106638107815
2025-01-02 00:55:00,0.002629628841923612,0.01727334500935961,0.006933545962379429,0.34178755846410225,0.7425683951135081,0.883940569304899
2025-01-02 01:00:00,0.0011710049890779279,0.006408531849000523,0.008586086409058603,0.5183301460275765,0.6996410671193602,0.6000210648082186
2025-01-02 01:05:00,0.0014398189598030305,0.0016550137469559495,0.009566342967247645,0.266767286031027,0.6764448353370981,0.38753044906829537
2025-01-02 01:10:00,0.002747293605123262,0.0017910174212781588,0.008728648704395749,0.6026819918372245,0.6961691865771541,1.6464458260096526
2025-01-02 01:15:00,0.002610370265433465,0.04492237024931178,0.015461071572455869,0.41034465025196337,0.5639987488571794,1.0636897430643155
2025-01-02 01:20:00,0.001979098406035852,0.00426058063719928,0.011029886271462242,0.7868282371059564,0.6445399066252371,1.5433077023404285
2025-01-02 01:25:00,0.002117327383308782,0.007812659858951616,0.010943300044113095,0.7418583111434137,0.6463434724637576,1.5715581516061037
2025-01-02 01:30:00,0.003277664895788425,0.005140636601912666,0.012052200244908492,0.8073988101725244,0.6239821243840198,2.6450592671532154
2025-01-02 01:35:00,0.0014084286111641703,0.008769984696208415,0.007105969160460244,0.3856270744859181,0.7378448592487223,0.5359686063710645
2025-01-02 01:40:00,0.002547097381170038,0.0014390272146325967,0.013657907107904125,0.732124738368013,0.5942140114619087,1.8555302021208815
2025-01-02 01:45:00,0.001797807347566106,0.014640246440510696,0.009775270782608817,0.5154695673210147,0.6716983414196733,0.9182736507368643
2025-01-02 01:50:00,0.0017823187967727797,0.0014001369275488274,0.012228010688961958,0.580808454771997,0.6205781732240138,1.0311584174666486
2025-01-02 01:55:00,0.00309877685198719,0.03222444084318504,0.007250191795598658,0.37332052997425097,0.7339397883882168,1.1566787865984627
2025-01-02 02:00:00,0.0028254163489880297,0.0053239461536841205,0.006274272005257863,0.44017319362961427,0.7612009191347989,1.244969299179197
2025-01-02 02:05:00,0.0028135096360006385,0.015531093822971893,0.01278090155155669,0.5947879364831881,0.610111346954405,1.6674992568506797
2025-01-02 02:10:00,0.003305478807154329,0.04241845632979484,0.011195455654421746,0.9151595569542119,0.641119021358649,3.029471923472234
2025-01-02 02:15:00,0.002021003841632759,0.021046640808205282,0.007629098045323929,0.5188361473150077,0.723874516902114,1.0394719762391926
2025-01-02 02:20:00,0.002681952971294964,0.015226712651494634,0.007703587801695845,0.750731898299252,0.7219281539691305,1.9990912994233232
2025-01-02 02:25:00,0.001689733243406544,0.007841120849682921,0.014016224175440907,0.5070343581835259,0.5879547329194649,0.8476806523395463
2025-01-02 02:30:00,0.002324166352488442,0.008099362024476937,0.006998959709857657,0.6500121464503291,0.7407692820363649,1.4983470093369191
2025-01-02 02:35:00,0.0018698569456323155,0.022142183011394725,0.01636896197172443,0.3762975414256446,0.5499194619728022,0.6900006599634257
2025-01-02 02:40:00,0.002096995964992718,0.1027899334941461,0.007632373507418005,0.3140241514028513,0.7237887108985022,0.6511040555171951
2025-01-02 02:45:00,0.0025951570254369137,0.021684674539304623,0.01211086121040231,0.5972362592135652,0.6228422174339255,1.538077883971432
2025-01-02 02:50:00,0.0011817793167665275,0.016319110219359625,0.009061181774810929,0.5477050343043496,0.6882032587310404,0.6375305358452208
2025-01-02 02:55:00,0.00409238727568546,0.026234910483856226,0.011983627249995051,0.35802005690752436,0.6253199439723677,1.4634574411707622
2025-01-02 03:00:00,0.000993982618500298,0.012517458559648179,0.008493922369175969,0.46126809222312354,0.7019040671506677,0.4520435454664295
2025-01-02 03:05:00,0.0007858113872122679,0.001240536869664351,0.009523355176054628,0.9238903394796099,0.6774297799398257,0.7163074405775328
2025-01-02 03:10:00,0.003158110873500068,0.01652428520287922,0.010123514089323394,0.8675076313245735,0.6639331633319817,2.735374221474619
2025-01-02 03:15:00,0.002791662693962936,0.0632240685459067,0.007403322280323185,0.9436054586911915,0.7298385135717977,2.6234107289079134
2025-01-02 03:20:00,0.0026241198170521554,0.003854783258814071,0.012488801922772847,0.5697733374351862,0.6155967230660209,1.486714990145988
2025-01-02 03:25:00,0.00262834550926428,0.02342397516936516,0.008573028233987062,0.6886842588738786,0.6999608104614683,1.8060248694469943
2025-01-02 03:30:00,0.0019877532271530855,0.004486226874845159,0.009337187833293582,0.417875155118572,0.681728600356944,0.8170230703167278
2025-01-02 03:35:00,0.0011027456285141685,0.015349988520528931,0.007420751115881569,0.04469411336452752,0.7293746227256477,0.037030046696673334
2025-01-02 03:40:00,0.0020758045581937266,0.0020334896740472177,0.004636153314489197,0.2976252867083218,0.8118150485870476,0.6181626769673891
2025-01-02 03:45:00,0.0013228382884878883,0.011970233156917615,0.009443028687245487,0.2629925483445525,0.6792779442783295,0.3478732377614611
2025-01-02 03:50:00,0.002975119733417751,0.028225133170849133,0.020622232047930632,0.6044439633652052,0.49234123758639775,1.796149280154832
2025-01-02 03:55:00,0.0018529426184978614,0.008541075229709084,0.012653911531624141,0.4106117936425945,0.6124840505135416,0.7564347211669518
2025-01-02 04:00:00,0.0011745028032074884,0.021867225457521768,0.009942385472743804,0.07558849197866285,0.6679494530656471,0.09212606438090147
2025-01-02 04:05:00,0.0016786141583470067,0.031738852858327005,0.009241626000310624,0.38521263713065773,0.6839564940673116,0.6420860323208252
2025-01-02 04:10:00,0.002412931454275624,0.05239469385408418,0.01006762531190062,0.615835949785936,0.6651672618816391,1.481256064424071
2025-01-02 04:15:00,0.0014362754471960253,0.005348233754311113,0.011783742503397289,0.9480381592527193,0.6292525179456839,1.358808777796315
2025-01-02 04:20:00,0.0011777796044335686,0.010193722658290697,0.007017038398049981,0.634727055052233,0.7402735897745012,0.7324947116144922
2025-01-02 04:25:00,0.0022436872114919124,0.003307306906448056,0.013969572917446332,0.40449350625465286,0.5887621857538355,0.903974386872689
2025-01-02 04:30:00,0.002244966571108723,0.0978130992409611,0.012393838917300915,0.7285468805555771,0.6174013537283595,1.6372118333018892
2025-01-02 04:35:00,0.0014930568246288704,0.05234618194317145,0.012404270527593873,0.4080358473150913,0.6172025993601364,0.6055694905880151
2025-01-02 04:40:00,0.0015289616943816773,0.015528711975982455,0.011405866344164352,0.5472662122469637,0.6368236997772322,0.8387598946995586
2025-01-02 04:45:00,0.0022320499373576362,0.036907419841239436,0.010059023479242674,0.652960286810083,0.6653576092986203,1.4477257636677872
2025-01-02 04:50:00,0.0005519156585026758,0.014719339105965725,0.012236746877587685,0.5798369433094488,0.620409995957279,0.3127655330144427
2025-01-02 04:55:00,0.0005925362256234447,0.019541296972434615,0.011942808918666134,0.4128721672122486,0.6261190132315751,0.23987848573600898
2025-01-02 05:00:00,0.001281555778747564,0.0018669795908604363,0.008992337984702947,0.1391310668229398,0.6898374325848601,0.16596515371641393
2025-01-02 05:05:00,0.0017865528482881527,0.028152028703114777,0.00841911369742172,0.19731967724693542,0.7037517148824549,0.34501988547207996
2025-01-02 05:10:00,0.0023109075655980047,0.0027327467045781422,0.010310285421287027,0.5054105491301937,0.6598420213474441,1.1572617593046248
2025-01-02 05:15:00,0.003475356216949552,0.03498177469870679,0.015915462778459753,0.20968771118084376,0.5568632130224136,0.7295125440980309
2025-01-02 05:20:00,0.0028576596232020193,0.030467781340373305,0.006895389296157294,0.0513716734270361,0.7436218817943461,0.15080929477010696
2025-01-02 05:25:00,0.0018400614700365729,0.02467110138187218,0.006438705517216469,0.31425080893572765,0.7564666880901683,0.5778376192467057
2025-01-02 05:30:00,0.0019809837920973113,0.0007366073610310624,0.010506702064142625,0.7430721087278963,0.6555936448964067,1.468327080975234
2025-01-02 05:35:00,0.0009974706353621911,0.0072230808010310035,0.01015383435940949,0.5267652966091655,0.6632655655534901,0.5192634804638337
2025-01-02 05:40:00,0.00198148686400761,0.00610640278358255,0.010533783752303643,0.20446092776472835,0.6550121715095688,0.40899255371744675
2025-01-02 05:45:00,0.0017113413610798617,0.008930005240390339,0.010759305976913932,0.7259539622660135,0.6502097288869517,1.2345882232736254
2025-01-02 05:50:00,0.0023227185603380894,0.0018344728114475526,0.009352319773108127,0.17203308819492913,0.6813771502422615,0.39826485872742085
2025-01-02 05:55:00,0.001172769056447677,0.05527902601784148,0.015635502417922408,0.701654656499182,0.5612380531484036,0.810580183210113
2025-01-02 06:00:00,0.002519346514241172,0.01613986037526363,0.00618615604498241,0.5307822959490505,0.763762347006721,1.337363277399694
2025-01-02 06:05:00,0.0035327389130025777,0.007291962438952043,0.007799315594570614,0.15113595099531477,0.7194421723067933,0.5306391041722366
2025-01-02 06:10:00,0.0018912398515431425,0.010116148622131982,0.00969498425780226,0.47268211799362936,0.673514416655906,0.8942547698544673
2025-01-02 06:15:00,0.0024017117220989414,0.011855272044852606,0.006108177515055415,0.18297846948395471,0.7660435121703496,0.4326831243747163
2025-01-02 06:20:00,0.0026901439917111124,0.01835555340441584,0.009486111406221093,0.4163867718762654,0.6782854383362441,1.110695900011185
2025-01-02 06:25:00,0.0015987795281141638,0.014500165040908793,0.016461529986352735,0.40952386424447035,0.5485233342508075,0.6514341148325082
2025-01-02 06:30:00,0.0022240924818104166,0.050363140930352934,0.01006285618598154,0.583217588842631,0.6652727830074275,1.2908182988099208
2025-01-02 06:35:00,0.002012592400781795,0.01374185025841579,0.0107166152556621,0.710036209417829,0.651113406654183,1.4191348373995487
2025-01-02 06:40:00,0.0020976760985488316,0.09696526530720471,0.006851966308664519,0.4517137738010535,0.7448244113708148,0.9489043477908962
2025-01-02 06:45:00,0.0012269902161445335,0.03813330226656561,0.008311803978630634,0.9277067281548911,0.7064191322847435,1.1275398553529972
2025-01-02 06:50:00,0.0020245101742589425,0.004676773676788638,0.00893544703178318,0.35187586429288986,0.6911937450985868,0.7082310929184605
2025-01-02 06:55:00,0.00249799829124545,0.05335598921177709,0.009090869552608297,0.6701194720210356,0.6875009344025191,1.6748614670844
2025-01-02 07:00:00,0.003451143607795042,0.002474255590198859,0.014688696192697921,0.6850480938387882,0.5765566941143802,2.3618325984851802
2025-01-02 07:05:00,0.002959270826085207,0.03401459148021452,0.011821174957335489,0.4156955076177183,0.6285123043638448,1.2331035699546187
2025-01-02 07:10:00,0.0041531824575115565,0.009580832373341943,0.007164567566843986,0.28601352450174483,0.7362532074470135,1.184406560465705
2025-01-02 07:15:00,0.0012326524371119507,0.042070475364864725,0.010767545100602892,0.7841548449715285,0.6500356117007235,0.9643004725931337
2025-01-02 07:20:00,0.002872320636720678,0.04050765838311254,0.011612145979790251,0.613095418865438,0.6326682159694589,1.749142506243856
2025-01-02 07:25:00,0.0021833420057383516,0.03279025316714895,0.014078232420751787,0.4412633398172979,0.5868848992244413,0.9526820631851877
2025-01-02 07:30:00,0.004189802933217673,0.031215853871285223,0.016066675769658804,0.38076432589867043,0.5545285106875599,1.577457593282911
2025-01-02 07:35:00,0.0011917017146448486,0.007267637391835735,0.007374711888123877,0.4932406409816428,0.7306012966177267,0.5925225509810874
2025-01-02 07:40:00,0.001160278157819224,0.0016876265840149894,0.007840697832360959,0.6474166954074274,0.7183727979962041,0.741787352763044
2025-01-02 07:45:00,0.0014006073545559778,0.010316099294845994,0.006857285990982417,0.4155160286259241,0.7446768823445222,0.5784928304885011
2025-01-02 07:50:00,0.0001,0.0038117004673331512,0.00932201805963439,0.647602704053867,0.6820812932904037,0.05417168459308706
2025-01-02 07:55:00,0.001474244978319239,0.02374566301954948,0.011501674176377475,0.5831349728523578,0.6348868916623369,0.8564526031929665
2025-01-02 08:00:00,0.0012408673384463021,0.008496008524262128,0.013447395551057815,0.7640054979025352,0.5979538816249469,0.9358774163035957
2025-01-02 08:05:00,0.0021503937864762075,0.07427180604254166,0.009774723176211723,0.6487635692177298,0.6717106950629466,1.382231579389854
2025-01-02 08:10:00,0.0023417559757771596,0.020487102290722484,0.009085055729100455,0.9874782902392814,0.6876383592412859,2.3056702046408795
2025-01-02 08:15:00,0.0038761708392158864,0.03457350350819875,0.010465796780706402,0.5605213935531626,0.6564738859108304,2.1596417273272035
2025-01-02 08:20:00,0.0029504238381860503,0.002843364175331189,0.007783781098482501,0.9258187204942332,0.7198444275495809,2.7201642239013117
2025-01-02 08:25:00,0.001423096344337597,0.039612130866729024,0.018717271542697665,0.4087863375775993,0.5165653260959742,0.5635565321653212
2025-01-02 08:30:00,0.0011015853286516421,0.05121602897232266,0.006173628699264804,0.8282658284390435,0.7641279025464965,0.9001722885818888
2025-01-02 08:35:00,0.0024919191715065056,0.013352002810964988,0.0105698675247013,0.8930283852273576,0.6542390144098416,2.216808007968501
2025-01-02 08:40:00,0.0006797667929793578,0.018640930996499813,0.018350686014037262,0.3097500470068247,0.5215030571468663,0.19505099003306442
2025-01-02 08:45:00,0.0038314587658543537,0.028947214686636757,0.010020420354884407,0.7052820242513991,0.6662131896746056,2.6877860432426743
2025-01-02 08:50:00,0.003179440120721287,0.0038435261690915857,0.009445830077620199,0.0786423542267963,0.679213319756289,0.2492839693210571
2025-01-02 08:55:00,0.0015308243478952951,0.01396585096432789,0.008983157777933862,0.3867784182632958,0.6900559336300777,0.5858972938810594
2025-01-02 09:00:00,0.00028686547090912254,0.010171996313391355,0.009473207854791178,0.7344052865789173,0.6785823958673298,0.21367852762298722
2025-01-02 09:05:00,0.003353872374165413,0.0031652422209052207,0.015096148354114054,0.27026450293375565,0.5698631028739526,0.9115221798060532
2025-01-02 09:10:00,0.001885460154747382,0.00916258964913463,0.00515015349762316,0.3519596839306336,0.7952237747531091,0.6574537014177186
2025-01-02 09:15:00,0.003237816311973462,0.0014121472540822042,0.015841216827963096,0.4957550003441458,0.5580167686828122,1.6000959524947034
2025-01-02 09:20:00,0.00040557234120563285,0.0005230175993762529,0.006523414578819043,0.6862563126360812,0.7540507252777143,0.27759625773270064
2025-01-02 09:25:00,0.0014006249770462272,0.0029043606465712717,0.009231203169305983,0.21110547305434632,0.6842003691794958,0.2907434465490376
2025-01-02 09:30:00,0.002005243699718183,0.06599906679954215,0.008791732285945089,0.388831225873127,0.6946438582218674,0.7688051582110024
2025-01-02 09:35:00,0.002046980593764742,0.015949255331162458,0.011931131468790337,0.11222724118048971,0.6263479895646075,0.22832649457277343
2025-01-02 09:40:00,0.0015499345285207564,0.06752355663768213,0.006191316757566348,0.855540433473044,0.7636118559874332,1.3198705081888782
2025-01-02 09:45:00,0.0026228499323474987,0.011330215820164998,0.011487240444441583,0.49343588863470617,0.6351779234286815,1.2863612479418502
2025-01-02 09:50:00,0.0009323795706174056,0.0074739845666140815,0.018354558806742086,0.37375621722162505,0.5214503991761297,0.34383411520112717
2025-01-02 09:55:00,0.0018576205149787065,0.014110139495545996,0.006643459863860952,0.7407121808795866,0.7506532598316141,1.3672876032171641
2025-01-02 10:00:00,0.002120295631711899,0.011578937812530967,0.010585624942984938,0.44283386924655554,0.653901956794483,0.9284910575477593
2025-01-02 10:05:00,0.002514438834058749,0.0022334900119678385,0.008198821624832714,0.749549858832158,0.709249495106115,1.8790972623710969
2025-01-02 10:10:00,0.00271161487808889,0.020478984087949854,0.011362872643256182,0.2729702777905641,0.6376966876565917,0.7390183904938669
2025-01-02 10:15:00,0.0008753579081621308,0.004867899239966614,0.01005760863543554,0.3488416743260572,0.665388928393378,0.29596958056223094
2025-01-02 10:20:00,0.00046588582926437774,0.019330005690115275,0.008249388037154855,0.545444859474306,0.7079799383156586,0.25425589743045945
2025-01-02 10:25:00,0.003277676821898509,0.021007936786492393,0.011576148047871423,0.7375527310690229,0.6333894802392852,2.4000690662560333
2025-01-02 10:30:00,0.0023323140119795916,0.0032980790310889285,0.01718246738621029,0.6189627545421403,0.5378879188479385,1.4300896306753412
2025-01-02 10:35:00,0.0012515134634434465,0.0012662441790106276,0.00944337989192899,0.18809080710916357,0.6792698417576167,0.2323319218203631
2025-01-02 10:40:00,0.003551151975522523,0.030351909864478603,0.012410122567002092,0.639995312740391,0.6170911559699783,2.2615970803265197
2025-01-02 10:45:00,0.002115674634292859,0.012316332441827726,0.0067842463121301775,0.2507898660460333,0.7467075894886132,0.5260630355396982
2025-01-02 10:50:00,0.0031792971840638264,0.0011984780020763172,0.007505635811979434,0.38312627275068734,0.7271237115445798,1.2245520462354025
2025-01-02 10:55:00,0.002067518481410109,0.10543863953473331,0.01152256142368027,0.5351927295944332,0.6344662075898334,1.0960996480073602
2025-01-02 11:00:00,0.004060747924881987,0.0011903416284884736,0.015608566553119041,0.1967599820643906,0.5616625979640326,0.8081276562051082
2025-01-02 11:05:00,0.0037553408424432044,0.023751180270003027,0.011125826279732362,0.8501472487561583,0.6425532231741278,3.1853197286415256
2025-01-02 11:10:00,0.0017510358515209264,0.08230596155313906,0.009103579463662359,0.18558077623352112,0.6872006938174479,0.32372941888116813
2025-01-02 11:15:00,0.0029715709509543554,0.0054671723391429405,0.009997874442201885,0.6772979137385632,0.6667139046313033,2.008248467872918
2025-01-02 11:20:00,0.0026453759495851476,0.003068837224671699,0.0068720521457665724,0.6598661582665493,0.7442676834471238,1.7537090691209014
2025-01-02 11:25:00,0.003368631557532349,0.002588168120480187,0.011988402101601018,0.4350556530870089,0.6252266035820214,1.4553586151463052
2025-01-02 11:30:00,0.0010350765394198957,0.007227294118822196,0.01303039899193137,0.5206060000276683,0.605502828012631,0.5264812634172372
2025-01-02 11:35:00,0.0026860514599984396,0.00213046407103123,0.008731681763312687,0.5691708252946497,0.6960956955028605,1.5200779767729162
2025-01-02 11:40:00,0.003058424486849588,0.023563589398563668,0.008684783303035027,0.7763644443675032,0.6972337838049443,2.3678701861442564
2025-01-02 11:45:00,0.00024126051357688575,0.0012863292759905417,0.010830308668893973,0.8602820710463068,0.6487122855237211,0.18960611828580914
2025-01-02 11:50:00,0.000816741487334225,0.014243425048692738,0.008772038084827924,0.24203802219467183,0.6951193356909395,0.1956710236866354
2025-01-02 11:55:00,0.0001,0.1142575977359987,0.009803557290183817,0.964628038477064,0.6710608336202623,0.09547375327584724
2025-01-02 12:00:00,0.0017305931655554423,0.033636975533534307,0.018774538743227213,0.7597153238386332,0.5158023963210503,1.30125187937477
2025-01-02 12:05:00,0.0027175422557959624,0.019101641532397472,0.00928571671792104,0.6559481295173469,0.682926772550567,1.7750123837664884
2025-01-02 12:10:00,0.0035023570520960282,0.007312976661739705,0.008980746853416297,0.3913375845477976,0.6901133397686183,1.3639986429667352
2025-01-02 12:15:00,0.002074094780419775,0.019557782856380473,0.00823441688114077,0.5451144133241671,0.708355341078747,1.1306228186027711
2025-01-02 12:20:00,0.003628615545571292,0.014974951117590686,0.012501425582982437,0.5866475864818734,0.6153576232813581,2.117255457067975
2025-01-02 12:25:00,0.0006198985417851086,0.011105423226333915,0.009470842240827348,0.16842938991471088,0.6786368654334913,0.11204594462427994
2025-01-02 12:30:00,0.0002966175606448453,0.0028015785172069026,0.008229894383512803,0.5739716900066821,0.7084688213244136,0.17519315491967186
2025-01-02 12:35:00,0.0019444523011033813,0.043537421196240954,0.014864507177317344,0.6966855490474022,0.5736492960672592,1.3455996856398547
2025-01-02 12:40:00,0.0023840654489393075,0.011948910595855644,0.015309384315808574,0.5500989374378407,0.5664216577983684,1.3029926187584444
2025-01-02 12:45:00,0.001967305251905907,0.004328883641228271,0.008351640806011872,0.8277121959279715,0.7054265443345722,1.6266030942057317
2025-01-02 12:50:00,0.0001,0.009169703667658706,0.005712307785409535,0.6180541610748902,0.7778376086237196,0.0637488930225128
2025-01-02 12:55:00,0.0019108799604872116,0.01069313869240268,0.013529049655903168,0.03249510116852848,0.5964976700876691,0.05762465114436595
2025-01-02 13:00:00,0.0006955304994951468,0.035151555021810665,0.008143305228006457,0.5976587442651641,0.7106485836673245,0.40819019168397
2025-01-02 13:05:00,0.0026696725488300384,0.026456206457185567,0.012676790131292982,0.7521756367830104,0.6120552208353833,1.99191573955557
2025-01-02 13:10:00,0.0023665982460968483,0.029333166523403835,0.00553755987348611,0.10802150170193955,0.7831601804980837,0.2570906456269298
2025-01-02 13:15:00,0.0010601202136726448,0.00022185120043067725,0.013070585115796346,0.6839238064219414,0.6047670438841705,0.7194353068925641
2025-01-02 13:20:00,0.0014861330826633065,0.010762360528819508,0.006953419230513373,0.4911789852389703,0.7420208853264316,0.7197923378817346
2025-01-02 13:25:00,0.0009407864781110485,0.013130294420763213,0.012451166691912973,0.9285927213031547,0.6163106611813781,0.8597694185884258
2025-01-02 13:30:00,0.0019373209027268282,0.000387576789328926,0.010042911008706176,0.2674382070467113,0.6657144507136532,0.5086915009977743
2025-01-02 13:35:00,0.0029551423205012384,0.006017054080436526,0.007511260294243169,0.5499420062955347,0.7269750562530598,1.61653214001805
2025-01-02 13:40:00,0.0010142739536644562,0.028566493634287562,0.008850502164097425,0.3479419341574724,0.6932288348481054,0.35258406566344797
2025-01-02 13:45:00,0.0025040465155178443,0.0029493543466777854,0.012286248515604292,0.8521010534468769,0.6194587763993015,2.1195641381162886
2025-01-02 13:50:00,0.0014697423816275592,0.015327700905297163,0.010322783358067715,0.4183531268815649,0.6595700587188602,0.6090486225881176
2025-01-02 13:55:00,0.001207127167737656,0.004846575121537876,0.01191632116775323,0.839938338369834,0.6266386371687183,0.9957668538297899
2025-01-02 14:00:00,0.0018929696400454422,0.0002438966049755524,0.018092857883874023,0.15986069358160554,0.5250328043374941,0.3006540538250204
2025-01-02 14:05:00,0.0009647576775806258,0.005520379237005987,0.006254571331778844,0.5166959882062171,0.7617721023611519,0.49503334308275343
2025-01-02 14:10:00,0.001446350694652818,0.07448910046285756,0.01624441025813114,0.5661828590988143,0.5518092267900306,0.8060568686635999
2025-01-02 14:15:00,0.0008021221074111515,0.032343063159230946,0.010318019928499043,0.6801010551171683,0.6596736873703263,0.5375617238546263
2025-01-02 14:20:00,0.003964725132916389,0.06416695100382466,0.007636580149067666,0.8377595005700063,0.7236785409816602,3.3159900040801573
2025-01-02 14:25:00,0.0020352635519717286,0.013382912482223359,0.006709275723369551,0.5597109150518887,0.748803532044143,1.131329629446844
2025-01-02 14:30:00,0.0013002744920074145,0.00232474908390385,0.009448433643540147,0.12996801825264956,0.6791532698170257,0.16038479199442282
2025-01-02 14:35:00,0.002213979910734222,0.015879669540033888,0.013185004044712099,0.3150866350528642,0.6026818611518875,0.702468933753714
2025-01-02 14:40:00,0.0018876719503091702,0.01211655262173857,0.009624581097420357,0.1897646051229049,0.675115031474371,0.3532205538970267
2025-01-02 14:45:00,0.001779030400466777,0.037203817747996186,0.01573569300907932,0.8989387913963964,0.5596645346969661,1.5846102126817507
2025-01-02 14:50:00,0.0026141667000434254,0.0020646463217324764,0.006470364125449461,0.6071741655077131,0.7555619524240452,1.5883800453336197
2025-01-02 14:55:00,0.002757507710047305,0.013398034712596926,0.009963798841228892,0.38913678495359943,0.6674721087928566,1.0868156800634228
2025-01-02 15:00:00,0.0014694988523894724,0.0032515236743584893,0.00686795959316723,0.572771477916712,0.7443810509930269,0.8315308258641354
2025-01-02 15:05:00,0.00142418175935532,0.00785125190027409,0.01115262234093341,0.6283006998027771,0.6420005282740109,0.8900563316964859
2025-01-02 15:10:00,0.001724948302848356,0.02673919756049582,0.013048214572268912,0.5828557498921758,0.6051764144857071,0.9942530482661701
2025-01-02 15:15:00,0.0001,0.012925963865832356,0.00881413387219066,0.6604392473989781,0.6941038064414135,0.05752877327599082
2025-01-02 15:20:00,0.0004848089378014478,0.009428517928431853,0.004578268802760211,0.7406905055776566,0.8137269618336156,0.3521012369095002
2025-01-02 15:25:00,0.0033668742674445246,0.010033230803171565,0.010615015305543618,0.242645893432438,0.6532742120294971,0.8087542499871463
2025-01-02 15:30:00,0.003644967713501284,0.012303243218338464,0.011399923655751234,0.5053375146140042,0.6369442237907093,1.8359716592931186
2025-01-02 15:35:00,0.0017509639604436217,0.03074388403788928,0.01128950484637239,0.6032324179689053,0.6391919622313467,1.0420555148934263
2025-01-02 15:40:00,0.0025765569630557665,0.04452817032647493,0.014487985946061212,0.7570484943323992,0.5799120897137848,1.9443444993292116
2025-01-02 15:45:00,0.0023112501545435363,0.062171161260445994,0.007251939781141207,0.7437915156763385,0.7338927122479674,1.713969338953867
2025-01-02 15:50:00,0.005078880808455238,0.030920192609113953,0.0122637765894787,0.32825692592411765,0.6198902333870627,1.6652643065795385
2025-01-02 15:55:00,0.003119574911434577,0.007578612512081025,0.014301112718733014,0.19734870098804913,0.5830714637160245,0.6104908073290655
2025-01-02 16:00:00,0.0018720824085192336,0.02330367869362041,0.005865037158919932,0.4631474032469488,0.7732445879399292,0.8624977097688172
2025-01-02 16:05:00,0.0010444595593995742,0.011510949867297877,0.011006440932658977,0.6193538883875132,0.6450272717025729,0.641511026914522
2025-01-02 16:10:00,0.00039355367974242754,0.005878580804979554,0.008596293686595948,0.8131484108524042,0.6993913343873188,0.3072072335551658
2025-01-02 16:15:00,0.002203463635867223,0.03676087452381157,0.00975839842405266,0.23710104049170255,0.6720791796320164,0.5183398421578065
2025-01-02 16:20:00,0.0012436492547156968,0.0007836823348751211,0.011099366538159657,0.11183073445065249,0.6430999157317088,0.1335388916725713
2025-01-02 16:25:00,0.0005777462904023257,0.04640724186080744,0.008640120450595897,0.2544546999109026,0.6983210854332798,0.14035889563955548
2025-01-02 16:30:00,0.0013534271157574734,0.012378518696785593,0.00816513017418856,0.10903429036346744,0.7100979074589419,0.1361304947478944
2025-01-02 16:35:00,0.0009184519963856051,0.020278152626691148,0.010102983924067242,0.6254209541002089,0.6643859642103473,0.5747971389770775
2025-01-02 16:40:00,0.0036871416350725645,0.021538224714325246,0.00721679761827535,0.5996258752457424,0.7348403100359807,2.2031454577313054
2025-01-02 16:45:00,0.0028816397569494507,0.045098337961180415,0.007219874383372295,0.7130081778478727,0.7347572482633251,2.0553017631139534
2025-01-02 16:50:00,0.001992027358683383,0.020248857840085423,0.012260676125435238,0.2577164939375234,0.6199498089325979,0.5155624898501275
2025-01-02 16:55:00,0.003479944138890026,0.019034917282217442,0.007084766264773027,0.7384513797674078,0.7384224698299275,2.5581077969207096
2025-01-02 17:00:00,0.0020773683076476183,0.0013795440156381081,0.012212729913442362,0.2778550266153792,0.6208725573318766,0.568371801837864
2025-01-02 17:05:00,0.0011387157986717364,0.014613160839784364,0.011488683194951749,0.6460135524451954,0.6351488208057678,0.7410065080784867
2025-01-02 17:10:00,0.0035231240772696576,0.00325435547513243,0.00595864481004196,0.9459974594404231,0.7704562447829753,3.335984193248109
2025-01-02 17:15:00,0.002538910043684659,0.0267450383828549,0.008160583691944445,0.2523183961248256,0.7102125516567739,0.6383970521724898
2025-01-02 17:20:00,0.0009627538456735436,0.014357894646508567,0.014307987015660236,0.305247971353613,0.5829546335921951,0.29079803982614116
2025-01-02 17:25:00,0.001809661321916392,0.022802926933430164,0.007450159441098134,0.31204265936708636,0.7285932179343256,0.5592125318651029
2025-01-02 17:30:00,0.001124381746615243,0.0008513223883270871,0.008699484876424754,0.3459439213203081,0.6968766194277248,0.3881252601444388
2025-01-02 17:35:00,0.000617200269035664,0.0017720786933695706,0.011486855262487381,0.2895870027675251,0.6351856936258565,0.17182082252704764
2025-01-02 17:40:00,0.0029261775475316414,0.025198407599658534,0.012649304656268475,0.38493073051839427,0.612570473109911,1.1113447860944992
2025-01-02 17:45:00,0.003909416640470131,0.001496288592692527,0.009273152777295991,0.4410031658300487,0.6832198824689574,1.7133678463314326
2025-01-02 17:50:00,0.0006014324261808589,0.0014784585373802416,0.008358943425388893,0.6676358129984877,0.7052448922372268,0.3960625605665457
2025-01-02 17:55:00,0.002562969236690571,0.00024364760019591943,0.01532209725530889,0.752567351750663,0.5662177943580067,1.9116207247424344
2025-01-02 18:00:00,0.0013493574308781732,0.06270052972439578,0.01684838812749474,0.7104548871488048,0.5427645825592254,0.9463511742676275
2025-01-02 18:05:00,0.001512874616235304,0.02675072086031322,0.013413243076728226,0.5321154851804462,0.5985650645785315,0.7925133108904494
2025-01-02 18:10:00,0.001407606075761131,0.008715952714673984,0.010259258187993045,0.11636756017656999,0.6609547357620305,0.15869407026897073
2025-01-02 18:15:00,0.001136009230320184,0.007034759624601976,0.007846796634733203,0.9052065151803117,0.7182154652235322,1.0254858116858123
2025-01-02 18:20:00,0.002048521627944827,0.008606529013337602,0.007794760451773491,0.5429322838509264,0.7195600780478706,1.1092139016221507
2025-01-02 18:25:00,0.0011690498835889621,0.029802323994633007,0.011697081012593707,0.4873052589747189,0.6309729275088047,0.5639357850780271
2025-01-02 18:30:00,0.0022704568257798387,0.021656980352570066,0.011337372383770646,0.7581057135611879,0.6382156026061019,1.7170461851021401
2025-01-02 18:35:00,0.001949761890550863,0.004096143102199993,0.015226916297706143,0.44453579531688464,0.5677476799552373,0.8623730863146929
2025-01-02 18:40:00,0.0017610519531335903,0.003825857629100438,0.01215475098290539,0.5384560078685088,0.6219920661376825,0.948937022098719
2025-01-02 18:45:00,0.0010924363379584022,0.00207158982388679,0.00637039197651812,0.6470363110333802,0.758426344887451,0.700424806915521
2025-01-02 18:50:00,0.0014232286694316673,0.021594008200670256,0.013710601672942168,0.7866440496929921,0.5932851686848714,1.1066408260445273
2025-01-02 18:55:00,0.002755391225825756,0.02891007598447432,0.007412493628780183,0.43540632463822704,0.7295943328191837,1.1899817736379432
2025-01-02 19:00:00,0.002500917187624381,0.006158958991071806,0.008911955691637196,0.5741235627304199,0.6917553490089574,1.4285740185132108
2025-01-02 19:05:00,0.001022444755201449,0.0004233483690323026,0.010779488925725486,0.8268463334857131,0.649783368666788,0.8413155656064419
2025-01-02 19:10:00,0.002099332305429226,0.0017148981491387218,0.01819752034334164,0.5384157591450814,0.5235941972208747,1.127015702056563
2025-01-02 19:15:00,0.002751387123371789,0.06875310005674687,0.02542062010391647,0.4384660794792918,0.44032864267908717,1.2000453713201713
2025-01-02 19:20:00,0.0003305947188786283,0.007003771306072507,0.011996344888135984,0.5686285352902957,0.6250713970587265,0.17219316741533627
2025-01-02 19:25:00,0.002543360192379935,0.029326080866080406,0.009465239682547722,0.3819918927016791,0.6787659023132268,0.9733430549514103
2025-01-02 19:30:00,0.0013373762410541533,0.01959865010976076,0.011739236609463893,0.6254072744752956,0.6301348783554697,0.8198704327769882
2025-01-02 19:35:00,0.0025705986685931595,0.009623383116586516,0.013051221367337962,0.6267321330541518,0.6051213592900533,1.6073877536076513
2025-01-02 19:40:00,0.0012367408434574832,0.004605560379118071,0.009082820801506004,0.66630937095176,0.6876912021877992,0.8161611221869305
2025-01-02 19:45:00,0.00019511789933548095,0.0025882017811420235,0.017135434282502755,0.28095870853556165,0.5385691694852072,0.053518390092929774
2025-01-02 19:50:00,0.0003724575621168373,0.01909091256958961,0.010714589535776916,0.522934610764453,0.651156349548596,0.1825056788239802
2025-01-02 19:55:00,0.002048084946661382,0.029800571166818352,0.011610478620640683,0.6549178659419777,0.6327015873445399,1.3395793508180973
2025-01-02 20:00:00,0.002259722501721482,0.020651112671274178,0.01221130752275953,0.6053928844694323,0.6208999738948382,1.3533024110027787
2025-01-02 20:05:00,0.0010956833748955914,0.015113312553729448,0.011348221960332895,0.5658887152983609,0.6379947170626583,0.6102707520931193
2025-01-02 20:10:00,0.002638592458777374,0.0008571317461821808,0.0128618715790022,0.6372158084982734,0.6086080627489102,1.6681665658814113
2025-01-02 20:15:00,0.0003384799377310402,0.06914823059507108,0.008309580589615605,0.2570724820305853,0.7064746133094008,0.0761062889391583
2025-01-02 20:20:00,0.0019339202013526834,0.0320605889768872,0.008457846300590108,0.39039027962927614,0.7027938723383039,0.7521544250423736
2025-01-02 20:25:00,0.0007889838002375434,0.006929458572752944,0.007188904696783387,0.3292745877471373,0.735594177957677,0.26645563752118484
2025-01-02 20:30:00,0.0013481638921978409,0.07821081145434437,0.011409375870743556,0.5039493219782151,0.6367525442818212,0.6869910582659575
2025-01-02 20:35:00,0.002047398671316414,0.0184201160893896,0.012632413920717152,0.7805984126973565,0.6128875433056061,1.5888210896686532
2025-01-02 20:40:00,0.0011395866347160477,0.017465710040897007,0.011472087978902845,0.30230519458253485,0.6354837344572403,0.34661829393809834
2025-01-02 20:45:00,0.0016154444557701748,0.027572332564100292,0.016525965703946977,0.5360483771266793,0.5475556803098791,0.8582581349474847
2025-01-02 20:50:00,0.0030062928092144405,0.033401790676877534,0.009983226027572326,0.339402683906699,0.6670396301454742,1.0194499303228268
2025-01-02 20:55:00,0.0014231081304768513,0.021370117814960992,0.01222163314016512,0.2538278928606392,0.6207010027393512,0.35641160342886274
2025-01-02 21:00:00,0.002835692112065142,0.0027415132396076992,0.0072071589464438104,0.5488959566318938,0.735100641686594,1.5535193387881183
2025-01-02 21:05:00,0.0008702931453423819,0.008257877846310166,0.008903595485140576,0.2539723687769938,0.6919554354503079,0.22145653794002415
2025-01-02 21:10:00,0.002529804177915283,0.05264503012848413,0.0123202767368996,0.5364097980226349,0.6188065827161152,1.34751073231195
2025-01-02 21:15:00,0.0034415686206579004,0.005087927757418878,0.01290114060197911,0.610053453746075,0.6078816610630494,2.0912829664555015
2025-01-02 21:20:00,0.0001,0.009309622188253593,0.009155868215018957,0.30364701406930883,0.6859682535434658,0.027292398767240843
2025-01-02 21:25:00,0.001203104744529523,0.01131538453437462,0.009787492719274314,0.4977491302845803,0.6714227406947476,0.5981046408287894
2025-01-02 21:30:00,0.00257707212718054,0.011575130818466658,0.0063421826070335545,0.8651234303282612,0.7592385300168656,2.2186685472388747
2025-01-02 21:35:00,0.0017969546139570073,0.018983489611044638,0.008984279544347273,0.10039414109048968,0.6900292266847304,0.17924403497559635
2025-01-02 21:40:00,0.0023711458733713087,0.05732070767560392,0.013061905830758475,0.4284541429531378,0.6049258050149489,1.0198908726693847
2025-01-02 21:45:00,0.0013960148132841795,0.005506974485483729,0.011883449073212203,0.9208702595119446,0.6272847066851238,1.2804257093225049
2025-01-02 21:50:00,0.0020865897874729,0.002590818760099047,0.01162066303269704,0.6020141079003342,0.6324978062388886,1.2559065816150499
2025-01-02 21:55:00,0.0018443227646079206,0.004399733037877295,0.010150441470254968,0.7994123863868673,0.6633402041469634,1.4663822330851157
2025-01-02 22:00:00,0.0031677820616598075,0.04359406162201104,0.01002121194144393,0.783312761144731,0.6661956232483152,2.4751193580460535
2025-01-02 22:05:00,0.002254420843301213,0.020758481621524556,0.008202908210021426,0.763088655769636,0.7091467252619479,1.7190746054879
2025-01-02 22:10:00,0.002337602662075202,0.006734835557580368,0.012332445304608806,0.6052564302901379,0.6185736900372677,1.415186028510199
2025-01-02 22:15:00,0.0015881230338775326,0.033850623755494406,0.011346132946472904,0.6626811704908641,0.6380372352198046,1.0351423477475374
2025-01-02 22:20:00,0.0015123937759275066,0.03951893478399391,0.011590557376968244,0.3256094330318589,0.6331005737360436,0.48209847854938054
2025-01-02 22:25:00,0.001567441812180379,0.03748296255962151,0.008540116421432277,0.44270305177869373,0.7007679893338118,0.6966777586424797
2025-01-02 22:30:00,0.0023944521423782967,0.05024799086548464,0.005241366344094533,0.83074749216834,0.7923501337984897,1.983446413673143
2025-01-02 22:35:00,0.001579015519179737,0.005813491448292308,0.013897804896075679,0.8461008110884276,0.5900087059122635,1.3208887635579816
2025-01-02 22:40:00,0.002289774856896413,0.02813336441646111,0.008661897905064598,0.4946588038166652,0.6977904975534077,1.122101802730376
2025-01-02 22:45:00,0.004075400798645439,0.012343714157042286,0.007719521372864618,0.5664418968939883,0.7215131795016683,2.3013300151507177
2025-01-02 22:50:00,0.0028711247034316923,0.03690302174146903,0.012312669422027958,0.31898764219215864,0.6189522672604,0.9049138637821929
2025-01-02 22:55:00,0.0016739764678321588,0.026075176038695136,0.008890482308851139,0.6458235127978225,0.6922695089057972,1.0858071516447492
2025-01-02 23:00:00,0.0032012139221639447,0.02996217507731186,0.013743500318010068,0.11522725838500802,0.5927067379351072,0.36717129763270917
2025-01-02 23:05:00,0.0015919246269784485,0.021351683813684182,0.012033409157968068,0.3057073882339377,0.624348157930145,0.4826946651848207
2025-01-02 23:10:00,0.0001,0.003906403952478917,0.012276119730826564,0.5676605392097979,0.6196531728966856,0.0527377685510139
2025-01-02 23:15:00,0.000991913689082596,0.01575034048384409,0.006637918129643937,0.4877603303776057,0.7508094252209243,0.48539016139939484
2025-01-02 23:20:00,0.0001292080789741443,0.0835585319003389,0.014384745267014318,0.5809070843277132,0.5816532838818564,0.0714311287793701
2025-01-02 23:25:00,0.0016484865159586914,0.05541598776014865,0.0108152832805635,0.4573382956382508,0.6490285946069769,0.7543378800883461
2025-01-02 23:30:00,0.002018418379189552,0.0008826689223517214,0.008951328448035104,0.10078670681960493,0.6908145868296893,0.19937333875278715
2025-01-02 23:35:00,0.0036764373122752827,0.0036020360230150984,0.010439551619377744,0.8045931163216226,0.6570399015755557,2.9481472286494403
2025-01-02 23:40:00,0.0023269273737641628,0.002825022803053705,0.005869177607714614,0.41807635397103926,0.7731208275455834,0.9742247062808964
2025-01-02 23:45:00,0.0017808994711911359,0.02589107708120774,0.011304274589432282,0.49598936461664384,0.6388903835756543,0.8750634518829458
2025-01-02 23:50:00,0.0028294055811834895,0.03405139561391692,0.0073431921105926445,0.8397740574022773,0.7314434949331348,2.3698692495539744
2025-01-02 23:55:00,0.0001,0.004803540167001057,0.006664427191928488,0.7338042281672853,0.750062990516974,0.07048385678710245
2025-01-03 00:00:00,0.002235614558108566,0.014098432276790581,0.0063336541034484314,0.8530052336646725,0.7594844194972915,1.905514203836629
2025-01-03 00:05:00,0.0027708651938869668,0.036739701409556076,0.013962729560685882,0.4575103573358082,0.5888808190243734,1.252423026782036
2025-01-03 00:10:00,0.0005214137542201584,0.026395272372943528,0.008279694527364276,0.38062090981448826,0.707221217706132,0.19888328090651794
2025-01-03 00:15:00,0.003143754043206929,0.0156280828990759,0.015842614125875266,0.7956633809041614,0.557995014810087,2.4875959625421395
2025-01-03 00:20:00,0.0023384964074944143,0.017848930091400646,0.008515130620792807,0.5268662690392247,0.7013820229677047,1.2311258308319757
2025-01-03 00:25:00,0.0015847120860991988,0.01420019300136812,0.005991715144102605,0.34756033308921763,0.7694759614406557,0.5525852364456605
2025-01-03 00:30:00,0.002632781866106285,0.00706357700003241,0.007153686090602139,0.8886682353679262,0.7365482510649625,2.341351936772432
2025-01-03 00:35:00,0.0042706928578043965,0.01664919614936311,0.014488113853164092,0.32336804140441866,0.5799099389764139,1.3830878601058112
2025-01-03 00:40:00,0.0021818662550584953,0.023351872621936248,0.00954307384571769,0.44817028788010904,0.6769776261077527,0.9803035638058163
2025-01-03 00:45:00,0.002248220586300336,0.041322281502149054,0.008483294731865952,0.4749291440889221,0.7021659603734259,1.0709348664644853
2025-01-03 00:50:00,0.0015406391004597559,0.020228043097497088,0.010491763919491285,0.6899984273431097,0.6559148251576019,1.0572561507401101
2025-01-03 00:55:00,0.0011501556305352082,0.02863600759171052,0.011624557820971368,0.297136091965477,0.6324199096544296,0.3384595989627549
2025-01-03 01:00:00,0.0028303358165442456,0.003488773409782476,0.013982474692413508,0.10683372668787913,0.5885386564994616,0.30524560859578537
2025-01-03 01:05:00,0.0011439161740911328,0.01238149037332752,0.015442676252033908,0.5966304041860166,0.5642914733012658,0.6769420038861147
2025-01-03 01:10:00,0.0020715662372193925,0.00018750864328912314,0.00897689899569804,0.5371890037835607,0.6902049802834055,1.1064549806312889
2025-01-03 01:15:00,0.0015223425532348833,0.005665273347157338,0.0067178676296932825,0.19633333666828937,0.7485627325203421,0.29959176870573534
2025-01-03 01:20:00,0.002478979825746392,0.025926273712225716,0.008833449053699457,0.5027713715584646,0.6936388346309862,1.2417433994260336
2025-01-03 01:25:00,0.0023336621052869482,0.09609670881772278,0.010812136411050053,0.19030549187569126,0.6490948804454684,0.4377814413380617
2025-01-03 01:30:00,0.003037539944257899,0.0020889541942218552,0.007489165792295885,0.645177195805792,0.7275593647008816,1.9613719681064767
2025-01-03 01:35:00,0.001489983601145253,0.010266385134428386,0.007504027065638172,0.21540149820982138,0.7271662419568646,0.31960431753485735
2025-01-03 01:40:00,0.0017301250647066288,0.032195856378034966,0.011086425782207412,0.6138386446923649,0.643367627404987,1.0654558895796689
2025-01-03 01:45:00,0.0010212362842176926,0.004564017225231275,0.009855102954916907,0.687136823125997,0.6699022284465495,0.6868297905113225
2025-01-03 01:50:00,0.0015557067399238885,0.016197438246952314,0.010098876616959473,0.5122094850517559,0.664476626636983,0.7888911138921699
2025-01-03 01:55:00,0.002377300493044852,0.026415473651362712,0.007964837111218943,0.8653478393927762,0.7151838546549729,2.05046268484189
2025-01-03 02:00:00,0.002756988616645352,0.019141496743295315,0.009332144876441044,0.037914992537391265,0.6818458071937172,0.10986428011057765
2025-01-03 02:05:00,0.0010778346758223746,0.004165708012669001,0.007578498930097609,0.7682774455010586,0.7252026316114376,0.8242510284775386
2025-01-03 02:10:00,0.0028696059201056604,0.008782027410459815,0.013061181885305619,0.5523794015130404,0.6049390511622696,1.5794488366642883
2025-01-03 02:15:00,0.003355637858804951,0.03063026749787975,0.013642090367344364,0.713278531198389,0.5944933796210701,2.378137514019637
2025-01-03 02:20:00,0.002413434903223701,0.01615888670392353,0.005747291695220839,0.822470382676776,0.7767807285032763,1.9744670442338141
2025-01-03 02:25:00,0.0038767958125580657,0.00010486671668489952,0.007566509274956153,0.47597449179676693,0.725518048023939,1.843266974576786
2025-01-03 02:30:00,0.001226210800896427,0.028625061336552477,0.0063829241078137465,0.5064755815769781,0.7580660854069874,0.6109925033512316
2025-01-03 02:35:00,0.0007553452966885829,0.0007189975462310841,0.008228287498593752,0.8477244759461295,0.7085091506523852,0.6306899863345766
2025-01-03 02:40:00,0.00022127975109572143,0.027387469227060878,0.009752792966167498,0.3731048649771722,0.672205800065305,0.08142632379738847
2025-01-03 02:45:00,0.003496044311489183,0.004524981373037444,0.006473335617704569,0.6262415038330621,0.7554771445810781,2.180402554300577
2025-01-03 02:50:00,0.0026543656563540576,0.06343673439119572,0.007583896737745703,0.6186743579113904,0.725060718945923,1.6455227854740107
2025-01-03 02:55:00,0.001944415329089545,0.009175442825792067,0.0073993923455303815,0.7884612122227019,0.7299431953739138,1.5333816153010678
2025-01-03 03:00:00,0.0022799686263198205,0.007918166886067127,0.010641540867620666,0.11724717301450316,0.6527086900232969,0.2582150854228208
2025-01-03 03:05:00,0.0008745109527016235,0.003224232166702378,0.010210211981488986,0.11786280962957324,0.6620277941861119,0.09720705745028642
2025-01-03 03:10:00,0.004445751979616826,0.007294263726977145,0.008053154089021389,0.3757860755549277,0.7129323118724467,1.656196539917331
2025-01-03 03:15:00,0.0021292211819752276,0.04185471224353278,0.010544784258942534,0.4704811096831824,0.6547762731093653,0.9928842658443847
2025-01-03 03:20:00,0.002109394794604893,0.11217492461418113,0.00848738605381166,0.5254481654466656,0.7020651161963652,1.1077498859793362
2025-01-03 03:25:00,0.002725766623898692,0.009187115365375602,0.009217359054165717,0.2790527682571625,0.6845245651026239,0.7559911177504506
2025-01-03 03:30:00,0.0024810092317367133,0.011906281210207391,0.016520808706681343,0.09075940245771559,0.5476329990562634,0.2259794828562433
2025-01-03 03:35:00,0.0022238840242791314,0.025607787424898193,0.014950181026078101,0.9540739619121783,0.5722431018333491,2.099874591842927
2025-01-03 03:40:00,0.0012095255445546882,0.043465513589260284,0.006771419377663434,0.3694574230278456,0.7470653579423912,0.448356315896924
2025-01-03 03:45:00,0.002471468357135996,0.017981020573572336,0.012826390655526026,0.8008371825052734,0.6092658863984238,1.9661963590858023
2025-01-03 03:50:00,0.003882024496475034,0.009936011989118629,0.01275602946886504,0.2856856637728248,0.6105746125002792,1.105455378723332
2025-01-03 03:55:00,0.003345420046154978,0.010641728863006746,0.007085894418854999,0.48097680344280475,0.7383917138094441,1.6051969166190223
2025-01-03 04:00:00,0.003593186626639397,0.02378944537511689,0.012784306782563678,0.21427202548851296,0.6100479760833922,0.7608223145350329
2025-01-03 04:05:00,0.001488784323568815,6.44690670446925e-05,0.015862608428129338,0.8938300813194259,0.557683918616269,1.3107763147626486
2025-01-03 04:10:00,0.001010395179741419,0.019330078377851705,0.007140777408171595,0.3512281619234551,0.7368985677609354,0.3572101720181381
2025-01-03 04:15:00,0.001874213079900352,0.00878539223459499,0.007593816112606347,0.171891856142796,0.724800075436573,0.32285161075188346
2025-01-03 04:20:00,0.0020557249122886948,0.031616749762215915,0.01357029934664999,0.8321817539114692,0.5957647202808103,1.7046940527642758
2025-01-03 04:25:00,0.0030941915184709485,0.0019520501797971206,0.010848574471524515,0.363886604714556,0.6483281753735965,1.1236104862400464
2025-01-03 04:30:00,0.0003075353702851806,0.017744459787556736,0.011799155670521293,0.7934216218525126,0.6289475169474565,0.23535846021413181
2025-01-03 04:35:00,0.0035295503194606136,0.013115983237872228,0.011075792355804689,0.49814802314443857,0.6435877731131825,1.74409107706799
2025-01-03 04:40:00,0.0018419921014210107,0.020562639929492893,0.011243541436620959,0.08091468371884289,0.6401322987207123,0.14678260721605813
2025-01-03 04:45:00,0.00157311893005258,0.0013410435702136373,0.006717012280138054,0.8383419756494336,0.7485866978797022,1.3130435568043919
2025-01-03 04:50:00,0.0009878956247398325,0.017349239341762884,0.013691571232320936,0.3286662908569646,0.5936202815264857,0.3299535687954966
2025-01-03 04:55:00,0.00034514332813423074,0.01648720641205761,0.014203126134894663,0.5845029033063914,0.5847418718722214,0.196870292049909
2025-01-03 05:00:00,0.0028231705839619147,0.01644963786201368,0.009334972861140298,0.535628992684389,0.6817800750889315,1.5148522398619175
2025-01-03 05:05:00,0.002073317967188404,0.018500962654148235,0.009870416074716056,0.2618972673741222,0.669558801925397,0.543398963535973
2025-01-03 05:10:00,0.0007100391002589461,0.02256914115647508,0.006317053254497586,0.7891625224328321,0.7599635037627931,0.5517945495708793
2025-01-03 05:15:00,0.0007049212279363838,0.03269398620231986,0.01166813380698671,0.8281625731707658,0.6315496871996779,0.5747118873735458
2025-01-03 05:20:00,0.0016642153007098719,0.0062893037225249864,0.011872233157486006,0.2760926416523228,0.6275054496864614,0.4573808806677618
2025-01-03 05:25:00,0.0036690215252893933,0.03486503377622462,0.009815156650277683,0.4620555931359446,0.6707997625031338,1.6860609912195188
2025-01-03 05:30:00,0.0017404086486363952,0.013793292325192191,0.014011677666334387,0.4479835742146222,0.5880333277354473,0.7714755486855006
2025-01-03 05:35:00,0.0004968570468818938,0.0016037837492673826,0.00904635508639035,0.5097139600271757,0.6885545515268794,0.24761508449029637
2025-01-03 05:40:00,0.0017542569359140557,0.0012067005215011522,0.011845722959740092,0.4893607003779985,0.6280278210447394,0.8606956706806272
2025-01-03 05:45:00,0.0017272764302523297,0.008136470167205099,0.007364607761385054,0.45830235093098903,0.7308710643469388,0.7778359290146468
2025-01-03 05:50:00,0.0001,0.030732763787940164,0.009929592577228112,0.4921865611786138,0.6682349567035861,0.050360536196951
2025-01-03 05:55:00,0.0019457051334821878,0.024598187680415686,0.009490381534152256,0.7394890316182211,0.6781872244290355,1.4271255957481699
2025-01-03 06:00:00,0.0017690654697913222,0.031081479929471953,0.01069929091457807,0.5176240674287255,0.6514808454583121,0.9033122576029382
2025-01-03 06:05:00,0.0026962063648134187,0.014565916664303763,0.008950657688576464,0.8939985163652481,0.6908305923527164,2.408302325913847
2025-01-03 06:10:00,0.0038489560949453456,0.011603478237958065,0.009613259220047778,0.319925352663655,0.6753731445561476,1.231962601062265
2025-01-03 06:15:00,0.0031265650295477575,0.003190527684537657,0.012812217968304961,0.7086819455678194,0.6095290485793751,2.2129329940393
2025-01-03 06:20:00,0.0017311113094451696,0.007955676306647307,0.008771920975749543,0.4788935076538158,0.695122165004451,0.8288206608521764
2025-01-03 06:25:00,0.0008934740912583297,0.011383908344384663,0.006175636553403108,0.4258349998728921,0.7640692885995849,0.38814196235517673
2025-01-03 06:30:00,0.004573359803249861,0.0018554774320512345,0.016902478437037734,0.5918415479697096,0.5419690179922088,2.699494375559865
2025-01-03 06:35:00,0.0020592184340144882,0.00498492443961226,0.01513517214839889,0.6344353524174821,0.5692301695727254,1.2960562977320729
2025-01-03 06:40:00,0.0020139292919129463,0.018237275609175218,0.0067863027851835876,0.6735104859267678,0.7466502622774308,1.3535464818185514
2025-01-03 06:45:00,0.001975874912889997,0.026610618138194018,0.012298747581694157,0.6299678732266201,0.6192190563864255,1.2432072464194834
2025-01-03 06:50:00,0.002198084760767855,0.12810945761268286,0.008599401964489323,0.7338323225712208,0.6993153222166381,1.6028182494600556
2025-01-03 06:55:00,0.0018556395880760575,0.05409511208808631,0.010822542827524225,0.6679235875375754,0.6488757307245981,1.2289373763002132
2025-01-03 07:00:00,0.0014263379931197637,0.02057604619605745,0.010922799825152365,0.8711449989818371,0.646771964799001,1.2314870670485212
2025-01-03 07:05:00,0.0014531410587596079,0.010937626198971954,0.009320933204276766,0.5957814119164146,0.6821065298522897,0.8496782789628636
2025-01-03 07:10:00,0.0019672467297840016,0.02022177591559709,0.007904683194949545,0.6293295674084863,0.7167255711263473,1.233762274627234
2025-01-03 07:15:00,0.001456575228866235,0.030803052694861856,0.008128876948476194,0.4399445010329564,0.7110131000478299,0.6278053640477093
2025-01-03 07:20:00,0.0012871542173228357,0.0025188892897206805,0.007596803132590628,0.3770991326009653,0.7247216245993677,0.48278528756893857
2025-01-03 07:25:00,0.002106430227691897,0.010549431023394578,0.007791539227351234,0.22338086387353784,0.7196434798514817,0.47312217196831485
2025-01-03 07:30:00,0.0017450227825791449,0.03662693023676061,0.00980048237083771,0.5374013821959479,0.6711300760544632,0.9301264802459572
2025-01-03 07:35:00,0.003503992988582689,0.009684743405698264,0.008067608519228473,0.1739437959214352,0.7125651615918206,0.6164801102172587
2025-01-03 07:40:00,0.0001,0.0169666739242009,0.012270533191980668,0.7278985951732657,0.6197604446452116,0.05655565114776448
2025-01-03 07:45:00,0.0030915068519224618,0.01772344565063478,0.015623230474774697,0.44255519906256635,0.5614313955653819,1.3672045917912279
2025-01-03 07:50:00,0.003246085192497629,0.004078494759007019,0.008402834761981965,0.3210021571020235,0.7041550664784556,1.0426787061263427
2025-01-03 07:55:00,0.0001,0.008995721890978609,0.010744633742074036,0.1039232217181288,0.6505200279107569,0.0006955389756017876
2025-01-03 08:00:00,0.0016573124059196514,0.0081446720817727,0.01161724493022403,0.6583114587026467,0.63256618481901,1.0969339535060396
2025-01-03 08:05:00,0.0016285591340042087,0.0005309191042933922,0.011521164949802284,0.6642105494441305,0.634494316179309,1.0737349514701284
2025-01-03 08:10:00,0.0005924883052821788,0.0004897838254106063,0.01023048177688077,0.5656542797704485,0.6615838989140859,0.3249692096848201
2025-01-03 08:15:00,0.0012221833124091248,0.03563979224278279,0.012495765394858607,0.39859685793259647,0.6154648077058171,0.4751422193461565
2025-01-03 08:20:00,0.0008894241545341713,0.006378524128600701,0.011556635553497152,0.5811967403388727,0.633781125560566,0.5091136503426429
2025-01-03 08:25:00,0.0037522704434236227,0.014599491874370412,0.00689837837796403,0.05239226182610258,0.7435392468262924,0.19559147950609285
2025-01-03 08:30:00,0.0029356783931474614,0.007097119801597861,0.01297899020871366,0.47422973426205095,0.6064467066282591,1.3865441888261956
2025-01-03 08:35:00,0.003271555094994159,0.05649592072317046,0.013049793947416783,0.7690251628507678,0.6051474944691214,2.5043835890064416
2025-01-03 08:40:00,0.002721672064043235,0.006003104364011886,0.007953398023932436,0.14390843033751557,0.715476522134336,0.39369312015502994
2025-01-03 08:45:00,0.0008709482287827708,0.011230340328371809,0.010114463646202913,0.16660323936519864,0.6641326983262332,0.14147954466337656
2025-01-03 08:50:00,0.0014754797337202265,0.041228928662311856,0.012275234665342565,0.4381252086305975,0.6196701652947602,0.6313919558314476
2025-01-03 08:55:00,0.0024893745612279182,0.03689479741964257,0.009391367789731158,0.26613869906336984,0.680471903964526,0.6592726933224125
2025-01-03 09:00:00,0.0007778721911080547,0.00411839025381124,0.013797377078514235,0.6773728338410084,0.5917618977809511,0.5057261337788649
2025-01-03 09:05:00,0.002712998430172388,0.03245485154497588,0.020322869765993228,0.24175529723929737,0.49599644360797046,0.6527374336294965
2025-01-03 09:10:00,0.001759674601841865,0.012256682929649099,0.007899419558796136,0.34232112141023274,0.7168607919548776,0.5947731437063419
2025-01-03 09:15:00,0.0016251791924504024,0.013193043951075852,0.006607938386166847,0.38325533468492196,0.7516553785466432,0.6211428694623614
2025-01-03 09:20:00,0.0027109599682034915,0.002865401137958053,0.010954284646827633,0.5215808925235305,0.6461141075682946,1.4148417491557126
2025-01-03 09:25:00,0.00244426331148604,0.0016807128414664675,0.01241684284023232,0.27980948616120777,0.6169632279914112,0.6757099673383911
2025-01-03 09:30:00,0.0016390338341809201,0.026034602029028783,0.009330841286533258,0.5546720689761168,0.6818761113811846,0.9092570121778599
2025-01-03 09:35:00,0.003159329803364248,0.013721888291937002,0.015464750796729506,0.2595352659190584,0.5639402378613179,0.8137769045983148
2025-01-03 09:40:00,0.0009189366724001028,0.011484210082822625,0.006692606121569874,0.41370846943377737,0.7492711617933147,0.3861690704204651
2025-01-03 09:45:00,0.0026159356069442637,0.02615027202630076,0.012310600000417032,0.21307847801361646,0.61899190976775,0.5529506907317954
2025-01-03 09:50:00,0.002593101257968384,0.029007093979347705,0.008338028910462333,0.7822516653606242,0.7057653890887255,2.01773287556593
2025-01-03 09:55:00,0.0016904535606860097,0.0034610886152079898,0.016750003460301775,0.6414827692413035,0.5442176358324557,1.077088185030144
2025-01-03 10:00:00,0.002326133022242118,0.01884372025833694,0.01818032015616681,0.35556775844708455,0.5238300757614166,0.8184546202344753
2025-01-03 10:05:00,0.000748886423614697,0.002908703990557495,0.007945360049104079,0.8953592396395529,0.715682315950021,0.6592011797211658
2025-01-03 10:10:00,0.002924027019206901,0.027836197756546992,0.008480063620740413,0.35123583755818993,0.7022456222827794,1.0216553776320167
2025-01-03 10:15:00,0.001815097863557011,0.02139788201231888,0.012941788043521259,0.43688926288279867,0.6071315853765092,0.7871196067699308
2025-01-03 10:20:00,0.0014772769794809606,0.06275265571920649,0.008903512822811765,0.30443428075377943,0.6919574144017273,0.4537341208562315
2025-01-03 10:25:00,0.003049009225836889,0.0014290181501706457,0.00986469012686596,0.21975449923865997,0.669687176228499,0.658195246831568
2025-01-03 10:30:00,0.0012956563094572407,0.0011749405364967493,0.010076456056795339,0.20670740350768527,0.6649719621963669,0.2658542767929488
2025-01-03 10:35:00,0.0005915387036364403,0.006630925871897281,0.005621975677315215,0.9088514099059999,0.7805799307548046,0.5356357622664312
2025-01-03 10:40:00,0.00044337082647609633,0.006068254627127664,0.009958572810052248,0.5408422039729281,0.6675885439138554,0.23537488137657606
2025-01-03 10:45:00,0.0026060099513456397,0.005673237925914545,0.008130860502094328,0.34068563333023266,0.7109629653352058,0.8916094092265701
2025-01-03 10:50:00,0.000719570647503717,0.047343449484326186,0.008624855820156561,0.3009082675043042,0.6986934755464076,0.21355773981618353
2025-01-03 10:55:00,0.0037547941819843647,0.005741543771272133,0.015420143806040962,0.46925004272201204,0.5646504460715648,1.7537786699578313
2025-01-03 11:00:00,0.0001,0.006347703513083895,0.006859489518185685,0.7883991891116665,0.7446157897550008,0.0763935506723758
2025-01-03 11:05:00,0.003696456368290038,0.02849224507194322,0.012762952636823158,0.19214355062078545,0.6104455914489668,0.7082945013567742
2025-01-03 11:10:00,0.0022110174672026186,0.011947281977301142,0.009197173548787777,0.27985546849596493,0.684997812085491,0.6142394061330136
2025-01-03 11:15:00,0.0019032868881296077,0.029985727965169195,0.009194974110493408,0.4483473737632179,0.685049417214982,0.8517918555145486
2025-01-03 11:20:00,0.0014550809131910502,0.0013520087752385032,0.012675825325681213,0.7117452631475817,0.6120732927373441,1.0233623473620646
2025-01-03 11:25:00,0.002399136114352071,0.013371869842074736,0.011074005126863832,0.13174535263381748,0.6436247892200343,0.31156019893123627
2025-01-03 11:30:00,0.001962365297575152,0.0006838304987589966,0.011867089637448949,0.6393250995572812,0.6276067324484125,1.2443624908672426
2025-01-03 11:35:00,0.0031033018820165216,0.0012940390302126385,0.013370362332445096,0.8966558848764881,0.5993342176136501,2.7773706267909093
2025-01-03 11:40:00,0.0021142276486620397,0.04738250236290968,0.009053872602291214,0.07191531527381329,0.688376392151688,0.13528915403157227
2025-01-03 11:45:00,0.002150301761461878,0.0029989159809289006,0.008322095387984512,0.8134746991663306,0.7061624405263773,1.7444242586536725
2025-01-03 11:50:00,0.001636387787786144,0.015203725621244198,0.007221335694456624,0.9294185690817701,0.7347178046106244,1.5143489117700815
2025-01-03 11:55:00,0.0019430543762789325,0.010589828438371227,0.007806540703204308,0.4611593017144682,0.7192552361500791,0.884053188202348
2025-01-03 12:00:00,0.0023078017688920593,0.008534081111890732,0.024223262228900373,0.8291351708219946,0.45225067061945035,1.8949438891032737
2025-01-03 12:05:00,0.00028983160734337454,0.04601839874017654,0.01452670917708272,0.7718047730402238,0.5792616926629979,0.21486039440525442
2025-01-03 12:10:00,0.000651814577894287,0.0004413009871000306,0.006667618722946086,0.5427115887879609,0.7499732243730877,0.35307692737038715
2025-01-03 12:15:00,0.002743264094022715,0.02180036761665379,0.006725106124586006,0.7190462274311096,0.7483599843070713,1.9544388951510718
2025-01-03 12:20:00,0.002170865438127942,0.06615109958936734,0.011555308150344269,0.1502994273705999,0.6338077861483916,0.33137502311044076
2025-01-03 12:25:00,0.0018160166636473208,0.01642725720561704,0.011784257519120886,0.32341308587393014,0.6292423218622718,0.579823686576243
2025-01-03 12:30:00,0.002018433933065393,0.055236129058382384,0.011789982657394072,0.6571310072057822,0.6291290000231622,1.3220607989687643
2025-01-03 12:35:00,0.002347581705361671,0.001073456765916481,0.009263651996013943,0.12792029335088267,0.6834416976638541,0.30282370023761124
2025-01-03 12:40:00,0.0014602403196906386,0.010852977045945922,0.009630631644547952,0.3163674307718198,0.6749771736195846,0.45454217463175617
2025-01-03 12:45:00,0.0012216952745976873,0.006026366931013775,0.011033641791325653,0.31634265436667686,0.6444619079669305,0.38628621422361725
2025-01-03 12:50:00,0.0021958452550976818,0.026247571261462807,0.010261027643191482,0.6675405487831342,0.6609160877092638,1.457038628402171
2025-01-03 12:55:00,0.001021627222384968,0.07958152357683365,0.005138673545937071,0.6972213586803022,0.7955869255970514,0.698360641207827
2025-01-03 13:00:00,0.002408252755714472,0.005928538951673028,0.009333827848034493,0.708901038784806,0.6818066876103283,1.7064348295526897
2025-01-03 13:05:00,0.0002974163957621596,0.02123642519660063,0.007745896061952135,0.07955404317631301,0.7208273236280858,0.01916923462497327
2025-01-03 13:10:00,0.0030291556373256436,0.004415368302685593,0.010539694086772161,0.38231260862946864,0.6548854072727179,1.1497824683964668
2025-01-03 13:15:00,0.002472597482413043,0.016663374842959166,0.02448750025722674,0.4515093465226632,0.44956448180634995,1.1033292089185978
2025-01-03 13:20:00,0.002256029734313876,0.012469903363446437,0.011165510334161091,0.9308246763244081,0.6417350393289607,2.090936198304798
2025-01-03 13:25:00,0.002982690983945514,0.0715148226181623,0.009102291428386158,0.5616474646889134,0.6872311085611681,1.669822198125755
2025-01-03 13:30:00,0.0036654744444625767,0.01875678856075467,0.013185602881848215,0.5985015319964342,0.602670985704453,2.188640801603084
2025-01-03 13:35:00,0.0030143700650181304,0.008600475535058213,0.011558157435609461,0.4303755421497313,0.6337505616672183,1.285639355866853
2025-01-03 13:40:00,0.00015912576866835464,0.0024229288715124035,0.011343143223891404,0.8109907648537243,0.6380980955590613,0.11613841258914304
2025-01-03 13:45:00,0.0007204230332642984,0.003279737274428726,0.011996803879757253,0.6650611560854255,0.6250624304589678,0.47056678175411415
2025-01-03 13:50:00,0.0013751814223043213,0.005106025502817646,0.018532911702099163,0.4815563961111986,0.5190368211626857,0.6627922040185248
2025-01-03 13:55:00,0.002026091050210834,0.005779435711227397,0.007122925760207475,0.657295761735163,0.7373835764186751,1.326490128587719
2025-01-03 14:00:00,0.002517659020469123,0.03802470988526221,0.011526799505930947,0.5952891973150641,0.634380917613839,1.4972995495009054
2025-01-03 14:05:00,0.0012742561868465344,0.01647526970233589,0.007573616951000863,0.7874355383642262,0.7253310305840759,0.9976236472061928
2025-01-03 14:10:00,0.0021867667644770786,0.01482117289570887,0.011813452055897419,0.7133367693549888,0.6286648793994206,1.5490558761932691
2025-01-03 14:15:00,0.0012446170676466775,0.0024381301268259583,0.007591119973010689,0.2841603822188617,0.7248709012016825,0.35028014398502655
2025-01-03 14:20:00,0.0013884821970080517,0.039342223283101746,0.008823115587991077,0.6838032456879096,0.6938875132684421,0.9425732592576931
2025-01-03 14:25:00,0.0005933389031517777,0.025661352237477213,0.009152784214344909,0.36145077457513897,0.6860408204221814,0.214172753880783
2025-01-03 14:30:00,0.0010767667538890957,0.0014013338543903261,0.01340101042275734,0.4567650959662863,0.5987842806807204,0.49258141219954615
2025-01-03 14:35:00,0.0006483153943836664,0.024608738012049085,0.013172369633406693,0.7486925883123302,0.6029114055167987,0.47732527938722585
2025-01-03 14:40:00,0.0010241267470226672,0.015685006012347676,0.0068817286665660915,0.5467962240152019,0.7439997720412533,0.5621611233290995
2025-01-03 14:45:00,0.0030536417966078398,0.0017051749093933656,0.01016616781428468,0.40769823882057254,0.6629943890496207,1.2359957050643187
2025-01-03 14:50:00,0.001050601111168057,0.01226088241213405,0.008082580065252332,0.27613856387136826,0.7121852747692075,0.28580641744394664
2025-01-03 14:55:00,0.0046323820648373915,0.0132599763682987,0.006855379138441854,0.570938256118391,0.7447297577479072,2.6372686268910006
2025-01-03 15:00:00,0.002493317900880889,0.0036250315524363292,0.009369689685884286,0.33907912897112746,0.6809741680591347,0.8438272188157667
2025-01-03 15:05:00,0.002184836123694874,0.05826393854798992,0.009116083366874528,0.5026023225913744,0.6869055754509231,1.0917271536515543
2025-01-03 15:10:00,0.0011416422198187864,0.0379391161646937,0.02070965546074822,0.8017191301840881,0.49128394169986944,0.9023219451773167
2025-01-03 15:15:00,0.0027003098794089915,0.02211408780520436,0.0113870078202958,0.21550807152666002,0.6372063279975159,0.5748295739818464
2025-01-03 15:20:00,0.0014243621737622262,0.012408924793377714,0.00661473570428364,0.35555485860303504,0.7514634081743296,0.5043021447401133
2025-01-03 15:25:00,0.0021220098146453614,0.010612593435136881,0.008441439844461636,0.7955277056376727,0.7031992792690689,1.6848364894687655
2025-01-03 15:30:00,0.004560084538268795,0.02105214668628117,0.013585459707122691,0.3612331252144298,0.5954957941444663,1.6320195570581548
2025-01-03 15:35:00,0.00190394010027535,0.01576814948607585,0.018711118602723724,0.257958617046352,0.5166474315881121,0.4969192174646242
2025-01-03 15:40:00,0.0031492733262856757,0.001285930600542531,0.006213908582490556,0.38518244208700464,0.7629537555249923,1.2092355427110724
2025-01-03 15:45:00,0.0012968235748741126,0.014369408438680708,0.005689416971669358,0.7499951721241692,0.7785307086593781,0.9582191854230564
2025-01-03 15:50:00,0.0019650115095030383,0.03283959576736265,0.017529315408535705,0.5065035723186476,0.5329167287568262,0.9871971578287074
2025-01-03 15:55:00,0.00377080063563551,0.012295589902644602,0.01123989324006206,0.32865821235580983,0.6402070534079799,1.2357777301786348
2025-01-03 16:00:00,0.0013730329422122327,0.0010670994701689866,0.007706755434838558,0.6211486175577088,0.7218456180131413,0.847661001534254
2025-01-03 16:05:00,0.0038124485579969286,0.03086160213622474,0.01173967133661848,0.8039613281798178,0.6301262476188824,3.0605789201088927
2025-01-03 16:10:00,0.0027077519354554757,0.004496994673717481,0.004535161846706691,0.4494241015828469,0.815156636216955,1.2186279947199383
2025-01-03 16:15:00,0.0014375332241057324,0.005984861814967405,0.01001013164884281,0.2825030436067891,0.6664415949261989,0.4047689993931663
2025-01-03 16:20:00,0.002632407739055521,0.0035994388683480327,0.011033448644759676,0.6280428770864909,0.6444659189811703,1.648586229439866
2025-01-03 16:25:00,0.00297255444962673,0.008015972209434284,0.01319537164109052,0.43796543748336697,0.6024936312278915,1.2955752010131638
2025-01-03 16:30:00,0.0026218099622171967,0.028273434956330324,0.007377363366064985,0.3012967857585204,0.7305305384078937,0.7965975928623414
2025-01-03 16:35:00,0.0004297752801095435,0.014653810670480858,0.010260394008724381,0.2922232711120872,0.6609299268949966,0.1151960322048072
2025-01-03 16:40:00,0.0012728628241751314,0.004585276695741768,0.0075757905211353,0.3417393089204338,0.7252738587737355,0.4330965748379818
2025-01-03 16:45:00,0.0017524813644484952,0.04204684802530975,0.010796264770186805,0.6550724704123577,0.6494294080547575,1.1412550840826066
2025-01-03 16:50:00,0.0019255665708999537,0.042335701021596686,0.0076444599526074835,0.5325645191619454,0.7234722629520407,1.0254836688370594
2025-01-03 16:55:00,0.002620672097550678,0.04089360360204873,0.00884767613785846,0.8301096903035361,0.6932967461373034,2.1638814921990837
2025-01-03 17:00:00,0.0021777010009332537,0.0054570833281384155,0.007417488142202143,0.7643679041873658,0.7294614260894005,1.6501766971525076
2025-01-03 17:05:00,0.0006646556412898987,0.012001857928645861,0.01215725323255214,0.2736357123505811,0.6219436671212454,0.1793309763041689
2025-01-03 17:10:00,0.0023801978510059633,0.08398031449859902,0.012937375243842128,0.22422093985439082,0.6072129261040355,0.5321955212166282
2025-01-03 17:15:00,0.0026105857452838233,0.029569287443655574,0.009320338259781126,0.23501255385880693,0.6821203706041179,0.6187780236165272
2025-01-03 17:20:00,0.0025597904479310396,0.0005508655727376305,0.010115374472954238,0.3894355234985766,0.664112611913939,0.9865822367517958
2025-01-03 17:25:00,0.0030807807255546216,0.0013485517563822103,0.006475382431387301,0.7354972625790981,0.7554187385897567,2.2669166330330173
2025-01-03 17:30:00,0.002833922154548904,0.012469861955421258,0.009140198460125787,0.9114536309045255,0.6863371238657537,2.5864948422108407
2025-01-03 17:35:00,0.002459180079228437,0.04798637099307362,0.009850514702517804,0.5748717335528014,0.6700051975423076,1.4061615083635308
2025-01-03 17:40:00,0.001929834288541353,0.01547421172007841,0.021951226617433643,0.2952250238631002,0.4767441053008118,0.5568001113870277
2025-01-03 17:45:00,0.0003390390664840086,0.013775634780977842,0.007163473472967535,0.6747883889919982,0.7362828623483496,0.22191092492181763
2025-01-03 17:50:00,0.002429618219132586,0.0022292194903320885,0.015515480456091054,0.6842442031674931,0.5631347159931189,1.651905829627018
2025-01-03 17:55:00,0.002207687687163111,0.021387678862619247,0.013485873430726726,0.8097411855179536,0.5972667859888626,1.7795545172923395
2025-01-03 18:00:00,0.0022715788371953736,0.03453102901260399,0.010878365652061338,0.49628693482353414,0.6477026739485114,1.1189991339271583
2025-01-03 18:05:00,0.0007232514241796906,0.009574269239343685,0.016948362784098024,0.06514918374920542,0.5412959734337045,0.05379106060022448
2025-01-03 18:10:00,0.0009189434595917377,0.029887558366767434,0.01118100923115899,0.10102041317951878,0.6414160571818222,0.08612987622923776
2025-01-03 18:15:00,0.0030531528533329034,0.06675130324104196,0.011238359161030833,0.3190072684044474,0.6402384932224469,0.9616968077448013
2025-01-03 18:20:00,0.001960444846143345,0.004557254862268262,0.009841901134112624,0.3616333294756584,0.670198587888818,0.7109365896101499
2025-01-03 18:25:00,0.0026815006973726243,0.014818601554042715,0.014434999200369388,0.7290431006850271,0.580804427600668,1.9330327411701465
2025-01-03 18:30:00,0.0020283183761304613,0.006769347337781078,0.013894955535276962,0.25793960523752796,0.5900583046696886,0.5185789330451891
2025-01-03 18:35:00,0.0020297561394957454,0.03148666886434948,0.008288606879756093,0.7671267490822326,0.7069984069916292,1.5663102223170262
2025-01-03 18:40:00,0.0029382838059759976,0.017235736818792896,0.006731587060245728,0.5778914984572866,0.7481785482816803,1.6940588868302078
2025-01-03 18:45:00,0.0014839552717826263,0.02013429035666552,0.009409227924031104,0.3721305088919025,0.6800586554554682,0.5431197314321594
2025-01-03 18:50:00,0.0020961207769409833,0.03198125438902132,0.00786618760370308,0.6349205454717661,0.7177156877154679,1.3255887556270107
2025-01-03 18:55:00,0.0015377247112949577,0.010082643918435608,0.009811230712578571,0.6106085367168753,0.6708881023003584,0.9327030106652967
2025-01-03 19:00:00,0.0015655037725676845,0.04932328425225931,0.014495185117199142,0.7311883056721217,0.5797910616234987,1.1348825908425968
2025-01-03 19:05:00,0.0016908278765313607,0.015229756749107624,0.008718041346536514,0.5759165094548548,0.6964263251334883,0.9720661397101232
2025-01-03 19:10:00,0.002222133771633713,0.0034384322317863674,0.0098723515623712,0.6318217363969617,0.6695154199106662,1.3925592959516446
2025-01-03 19:15:00,0.0015212513783365226,0.02380791568992776,0.010175592020170267,0.188458728496017,0.6627873278055789,0.29321316162648287
2025-01-03 19:20:00,0.0032557561255735206,0.0315259969184791,0.012898542979404763,0.6814409638837604,0.607929658542035,2.2110415682425586
2025-01-03 19:25:00,0.001105392697780496,0.007618230895914207,0.005096317870512184,0.5360326738799328,0.7969296572984403,0.5934287808155683
2025-01-03 19:30:00,0.001813128355838641,0.03892329961026725,0.00833592930729728,0.7014772680975129,0.7058176840824293,1.2628801138475099
2025-01-03 19:35:00,0.001560268941725825,0.047319712920623334,0.010654370682366925,0.3741764636149191,0.6524355109825968,0.5862612108441686
2025-01-03 19:40:00,0.003446977884353733,0.006484279191409288,0.014333633661331703,0.7575970347019161,0.5825191763062652,2.5992758434670784
2025-01-03 19:45:00,0.0021965547765115745,0.08211394244563477,0.008628014065508852,0.6421159219109679,0.6986163956128582,1.4062903727092022
2025-01-03 19:50:00,0.003031844539468635,0.0030330118076101103,0.005695174749668938,0.5468599115966045,0.7783562553999632,1.650214243682399
2025-01-03 19:55:00,0.0005144396269630279,0.004513326326293516,0.012043180026197824,0.270073341429379,0.6241577765892282,0.13069922901446676
2025-01-03 20:00:00,0.002267050265869259,0.0040723300053514344,0.008264559033295378,0.37539054833686997,0.7075999302320689,0.8513678315969012
2025-01-03 20:05:00,0.002889630795623437,0.044884382283682654,0.0069984248007403,0.6398167644371001,0.7407839586053035,1.8421384824103881
2025-01-03 20:10:00,0.002082283989275424,0.021243247770694067,0.008291919414643864,0.572912394288529,0.7069156286953096,1.18394664704184
2025-01-03 20:15:00,0.0030654803750653514,0.0032999525250060756,0.009461467384707625,0.398306501230623,0.6788528126871668,1.2140162821027722
2025-01-03 20:20:00,0.0014827115498996278,0.011607923897797438,0.008340821340805505,0.10653290310903799,0.705695849795423,0.16056375933094588
2025-01-03 20:25:00,0.00340934744018558,0.019105726710959236,0.005159890074444516,0.25716264507359343,0.7949160326544695,0.8722846854071574
2025-01-03 20:30:00,0.004298898123619251,0.001743080506673147,0.013088120046301457,0.7026591506226706,0.6044465497590448,3.0108753421827026
2025-01-03 20:35:00,0.001637161439560341,0.04281210880684547,0.014658899206085268,0.2853101407431133,0.5770523720640407,0.4629915668959671
2025-01-03 20:40:00,0.0015544974785992281,0.032552397689072164,0.012158660210326265,0.7994397400295582,0.6219164563820332,1.223420199580268
2025-01-03 20:45:00,0.0034533844771177007,0.014072306561636723,0.007108415699184639,0.9454253794368311,0.7377782686356531,3.250841220983801
2025-01-03 20:50:00,0.0035795721457307127,0.06830183846100175,0.009413432257188038,0.46362395692043973,0.6799614483995629,1.6568924990208196
2025-01-03 20:55:00,0.0014771399728467317,0.010817484540587896,0.00998045517923618,0.71540068412369,0.6671012791644194,1.0459217758521457
2025-01-03 21:00:00,0.0015798131829041428,0.08284170752902348,0.011967844280942856,0.6012901400419416,0.6256286731202172,0.9480135677812513
2025-01-03 21:05:00,0.0017182153911394927,0.02204758743269378,0.012220162354361281,0.6664323624226332,0.620729336495501,1.1417644661222686
2025-01-03 21:10:00,0.000655549488965723,0.020139154189870417,0.008023164766745243,0.8547584931604719,0.7136952648450957,0.5570744684858346
2025-01-03 21:15:00,0.0010813480535158018,0.0036293559141326952,0.010249037102151142,0.45077077679947897,0.6611780709732975,0.49191899459450217
2025-01-03 21:20:00,0.0009958592332479322,0.04272917248176111,0.011470393235472932,0.030442012006403788,0.6355179565235402,0.029551330247913267
2025-01-03 21:25:00,0.0012322024348958714,0.011154490627004505,0.015476639989162433,0.691161879620461,0.5637512460624707,0.8441988970199398
2025-01-03 21:30:00,0.0019653151126132187,0.003540314889653688,0.012353470737164966,0.787514713383779,0.6181716997992944,1.5350640227685548
2025-01-03 21:35:00,0.002234214732536521,0.0002537533824587125,0.012670824905601596,0.13936036886418396,0.6121669733711219,0.3218570279797692
2025-01-03 21:40:00,0.0035505004928140767,0.016408508834277514,0.010254668664749254,0.8710014681686228,0.6610550001925053,3.0934774787740804
2025-01-03 21:45:00,0.001001645959261209,0.014990102293170063,0.015267445807188038,0.9313129961438698,0.5670952217334576,0.9186865308693896
2025-01-03 21:50:00,0.0029843223984765835,0.02541319689494188,0.011308039487045776,0.6649435882785198,0.638813554846682,1.9788197670195928
2025-01-03 21:55:00,0.001786011155774491,0.044192472114708566,0.007723431189867121,0.16509537864118887,0.7214114249793862,0.30038357322010073
2025-01-03 22:00:00,0.001950536290347567,0.00165473600361099,0.015235010231736968,0.5890303302247785,0.5676172610270892,1.1392154545869935
2025-01-03 22:05:00,0.0026748194921666036,0.02629782587521185,0.012329022979666492,0.28622966607142114,0.6186391717615192,0.75880063755972
2025-01-03 22:10:00,0.0008772779784377014,0.0041506198831053834,0.008755410802271877,0.8438393475371542,0.6955212755444224,0.7372634655498091
2025-01-03 22:15:00,0.0023824097461840506,0.03906351705137117,0.008660194680719614,0.21993106594210404,0.697831966000373,0.5224534653721373
2025-01-03 22:20:00,0.0021664522082130563,0.03419218429222009,0.01093050775781544,0.785977715416803,0.646610788177134,1.6951069939033785
2025-01-03 22:25:00,0.0024924512640081492,0.015565116685982011,0.011490728945431721,0.5132458522687017,0.6351075592647196,1.2691713475479387
2025-01-03 22:30:00,0.002289168643907818,0.024774238866241253,0.010609743453911899,0.48545959816426804,0.653386724070829,1.0975599274661527
2025-01-03 22:35:00,0.004455300139910894,0.0075477630122279295,0.010978926855667866,0.3330837874219378,0.6456001556535786,1.481512054213491
2025-01-03 22:40:00,0.0013622600157486842,0.012741685735789232,0.016652698999592524,0.45906597634007096,0.5456624081141295,0.6222473468412358
2025-01-03 22:45:00,0.0014690030449981822,0.034478678119179255,0.01379143901826698,0.4400141860550554,0.5918658861846161,0.6391847165977422
2025-01-03 22:50:00,0.0013768594735752357,0.01229652636848165,0.010588576913576819,0.07449072886851921,0.6538388515590913,0.10895666252196659
2025-01-03 22:55:00,0.0014445228808397455,0.008857055923731125,0.013263000845013286,0.7426653648691555,0.6012686616336468,1.059427559371794
2025-01-03 23:00:00,0.0013626128726934822,0.013632771081697286,0.00733625079998419,0.5163870656411282,0.7316292254683135,0.6945737956367747
2025-01-03 23:05:00,0.003189016531107552,0.03523421990534848,0.011267958961612666,0.670372910489844,0.6396324117142979,2.129940407578439
2025-01-03 23:10:00,0.0034205042479898548,0.008165622809286673,0.017208044843221082,0.7037296725193225,0.5375181653395528,2.3945875596498776
2025-01-03 23:15:00,0.001429253706250524,0.003817438378825912,0.009366798144723857,0.7038034998178366,0.681041218774927,1.0031712189270652
2025-01-03 23:20:00,0.0011676444268957714,0.024896869634705672,0.007754667455512663,0.6073328590029724,0.7205995183353414,0.7005643496088023
2025-01-03 23:25:00,0.002471415556386404,0.03497149546569796,0.008223191766110286,0.645454130097223,0.7086370728634422,1.5967181561521882
2025-01-03 23:30:00,0.0014477769557190287,0.0021213815219617684,0.007211631306383811,0.812141235328164,0.7349798244292699,1.1797770869519437
2025-01-03 23:35:00,0.0026329318177555107,0.005485424366162706,0.007902321053454698,0.5983739890786007,0.716786247340657,1.5705536512557592
2025-01-03 23:40:00,0.0022029230208512997,0.003062370681216703,0.008948023441904061,0.5875540446000072,0.6908934573767395,1.295327435580102
2025-01-03 23:45:00,0.0004842558850027682,0.008552417231121124,0.006559503979659735,0.6227622568399367,0.7530261113052695,0.292208790977095
2025-01-03 23:50:00,0.0035475052013300614,0.011969506958404244,0.010046964943051505,0.9431461355037863,0.6656246325679256,3.341716172860357
2025-01-03 23:55:00,0.0037958776730955216,0.027632213889676453,0.013108596614935988,0.9167480566235157,0.6040727196204256,3.473082581561905
2025-01-04 00:00:00,0.0013872113095156138,0.02106212651071003,0.0076160528663497444,0.14231164626552661,0.7242164583328297,0.20064965855481784
2025-01-04 00:05:00,0.001612298440064016,0.01940061230697862,0.01577411444253255,0.8215960245260799,0.5590634544463134,1.31162022354544
2025-01-04 00:10:00,0.002285865390724905,0.00868886742813942,0.011656019240102084,0.21492495659549407,0.6317913774409086,0.47401310574922684
2025-01-04 00:15:00,0.002334456789987025,0.03683339690068617,0.013622996293145962,0.5210838790116881,0.5948309848898563,1.2061404400411577
2025-01-04 00:20:00,0.0026585442726728306,0.012746196880878522,0.008209029663047507,0.23447004297664106,0.7089928380698275,0.6182946382425872
2025-01-04 00:25:00,0.004010204538766349,0.07736484833189781,0.012922147001224588,0.3703415533584491,0.6074937943523571,1.4754684954883703
2025-01-04 00:30:00,0.0018230527725059506,0.020110207540195452,0.007206655131198779,0.1182898527136134,0.7351142543452662,0.2154073847975815
2025-01-04 00:35:00,0.0012017027554615464,0.0026995571436205052,0.013061374237618039,0.6924346605173869,0.6049355316042342,0.8209616740571026
2025-01-04 00:40:00,0.0006206807719854727,0.022551198890215108,0.010529037273331212,0.6789275475852804,0.6551140090313655,0.41012576085419367
2025-01-04 00:45:00,0.001269069960058081,0.007863933938392204,0.011805440198383027,0.9490944370623542,0.6288232414093986,1.187968760973472
2025-01-04 00:50:00,0.001966873027126203,0.023188097280497727,0.0070280319140921315,0.6499774806606925,0.7399724872151053,1.2702775475460084
2025-01-04 00:55:00,0.0037945578635177877,0.0014436981013908866,0.007645094041188547,0.12515299181870784,0.7234556688503904,0.4795509589157147
2025-01-04 01:00:00,0.0014823887009638285,0.0038445638091824303,0.011962222493447312,0.722063325953533,0.6257387140115263,1.058435908341327
2025-01-04 01:05:00,0.0022237879516388984,0.03872238102036261,0.007523870440002422,0.32676657957371796,0.7266419903987253,0.7216263397132857
2025-01-04 01:10:00,0.001983577103927248,0.0051541708661356975,0.011490803049949991,0.5403251488418125,0.63510606472234,1.0632843359753092
2025-01-04 01:15:00,0.003188393273448084,0.03628514824225664,0.006635564551525008,0.219020966836668,0.7508757684227462,0.6985666172115931
2025-01-04 01:20:00,0.004526932425873622,0.006549982787574946,0.012897549818719755,0.8714302835855897,0.6079480116363974,3.9359479395984085
2025-01-04 01:25:00,0.0014691312270796795,0.020593775355004697,0.006909022033228809,0.3812793542531785,0.7432451456356478,0.5422918554185537
2025-01-04 01:30:00,0.001510560557481778,0.023693247368592775,0.011802071587170969,0.319141754445241,0.6288898490520991,0.48342458874723593
2025-01-04 01:35:00,0.003044160877069072,0.01437564962577099,0.012064585864048776,0.8182621049621932,0.6237410981946988,2.4882313338607003
2025-01-04 01:40:00,0.0026818914896263113,0.007285811003779642,0.008113696401552926,0.3553266522985592,0.7113970256467326,0.9448135795699742
2025-01-04 01:45:00,0.0038467073257360336,0.004781505203293716,0.011907793040352834,0.7670968794368948,0.6268061214608794,2.9368012635732446
2025-01-04 01:50:00,0.002583928185325964,0.0006750523842112144,0.010812661104596952,0.473259701658138,0.6490838273301943,1.215500618386036
2025-01-04 01:55:00,0.0016407079092129405,0.007246572238024186,0.008507367358417662,0.4144033814663992,0.7015730266686445,0.6726094036785203
2025-01-04 02:00:00,0.0025906548306923096,0.0211779949218444,0.007389194185210552,0.16360770187622697,0.7302149842290532,0.4237617884944882
2025-01-04 02:05:00,0.003108703580582908,0.05571098891818748,0.005549996990424124,0.7595168042754578,0.7827789571754468,2.3471646665543036
2025-01-04 02:10:00,0.002820482181197364,0.04099058532192799,0.011105940076234229,0.9113349107705748,0.6429640110854755,2.5546930079829138
2025-01-04 02:15:00,0.0025072740311072976,0.02905422049494756,0.006253518476484606,0.5004677666368266,0.7618026520107806,1.2593761362701086
2025-01-04 02:20:00,0.003066674689589154,0.031065626868274028,0.010290162613954032,0.8375093932594756,0.6602803773257534,2.5551096509179088
2025-01-04 02:25:00,0.0031692955904456727,0.021871593678433464,0.009240080781198909,0.2691690305556046,0.6839926383808013,0.8568062194287981
2025-01-04 02:30:00,0.003382158991037527,0.006029856265945404,0.012259828301342124,0.5526414684346608,0.6199661019016623,1.8641227127492097
2025-01-04 02:35:00,0.002648709887589643,0.047545101843901816,0.009133705235818291,0.3254307800754448,0.6864900924243271,0.8499529975190283
2025-01-04 02:40:00,0.0018328819196831458,0.022217684348401375,0.009058927694999228,0.7557332859183148,0.6882566421555126,1.3815003886446555
2025-01-04 02:45:00,0.0021467136864333227,0.016439649757727607,0.012455300861213119,0.3833995103083809,0.6162321552810415,0.8176852833889382
2025-01-04 02:50:00,0.003206508966508357,0.0023529239576852933,0.011057428911106955,0.5879674099463877,0.6439683097156659,1.8765440288890087
2025-01-04 02:55:00,0.0011830643290127638,0.011849954467678742,0.010994903861703305,0.734675338398031,0.6452673668303133,0.8623152870147012
2025-01-04 03:00:00,0.002368673308872901,0.012336996496059911,0.011511716812330073,0.8695202465307854,0.6346845561957543,2.0519728960692403
2025-01-04 03:05:00,0.0016066611876726393,0.03998506383713928,0.006308597944299727,0.8533892132556162,0.7602077481416448,1.3692615965897288
2025-01-04 03:10:00,0.0020287448229348174,0.015821737979715287,0.012548758005685196,0.10346741992627509,0.614462769869949,0.2145018691414659
2025-01-04 03:15:00,0.003278451862607299,0.00957364112895157,0.012017041065391311,0.683692412821449,0.6246673438420554,2.235277384027878
2025-01-04 03:20:00,0.0021910990680199032,0.07527234320704677,0.0073711973406306,0.5486328177112717,0.730695108113207,1.1911866043614732
2025-01-04 03:25:00,0.002046436548156149,0.00234687599253517,0.009293924906911687,0.5571038519689953,0.6827354157407957,1.132531775134118
2025-01-04 03:30:00,0.0006401438590200807,0.010982613973026701,0.009882770690491937,0.6537796850509545,0.6692819821544719,0.4267671375043334
2025-01-04 03:35:00,0.002746253566027221,0.0008586651661376283,0.0096045414822007,0.2466491154429386,0.6755720237053734,0.6786145164837186
2025-01-04 03:40:00,0.0026454841811410753,0.026934098993262916,0.011053455377901773,0.687934197549544,0.6440507105123116,1.8241614238318091
2025-01-04 03:45:00,0.004163254723305461,0.05003940062327755,0.015363508621963791,0.339085163666786,0.5655547421439476,1.413465541813973
2025-01-04 03:50:00,0.001692221765046999,0.006571118298280387,0.013833803297377963,0.18002401377675786,0.5911247938699801,0.3033591479065371
2025-01-04 03:55:00,0.002219150327663939,0.03908674591025659,0.006745794913419072,0.7332328377887927,0.7477811022160149,1.6237146892343572
2025-01-04 04:00:00,0.0022493836837107553,0.006912389358365987,0.01205170435381849,0.7534610666906594,0.6239917783847053,1.685559639508018
2025-01-04 04:05:00,0.0035774532797634745,0.04833079569227942,0.014898567819793125,0.7871920443647685,0.573089420267177,2.7957257037770527
2025-01-04 04:10:00,0.001904704467613048,0.028045377832243392,0.011230436635946858,0.449589664523608,0.6404009086757243,0.8513765906334998
2025-01-04 04:15:00,0.002279021525770339,0.03268555534352877,0.013872094337018382,0.84181351388437,0.5904565510772758,1.9128867751107774
2025-01-04 04:20:00,0.002607896509716539,0.00036341292828328924,0.018288386240271112,0.6689411282580342,0.5223516048572536,1.7292971798902794
2025-01-04 04:25:00,0.0021866091231563583,0.06583449944872795,0.01359494397160896,0.7602936414191116,0.5953276783822581,1.6541886281430442
2025-01-04 04:30:00,0.0015535663854494718,0.025941581043293662,0.010776605979303662,0.7725139097797604,0.6498442360229518,1.1960845197362198
2025-01-04 04:35:00,0.0021940899928983076,0.007269707227954459,0.013682417784615738,0.40976785654774944,0.593781602255848,0.8889125362582512
2025-01-04 04:40:00,0.003073631749859772,0.035368047432098156,0.010444248487504606,0.3774645520299456,0.6569385349816964,1.153988183667493
2025-01-04 04:45:00,0.0009734847005889399,0.006612381552146383,0.010071966855494502,0.5870190731900584,0.6650712304953796,0.5604520926033218
2025-01-04 04:50:00,0.002132969674146876,0.04123263594828833,0.008999426222784157,0.8776567299366632,0.6896688178018666,1.8600059542423752
2025-01-04 04:55:00,0.0012998791850608268,0.0023887468496218843,0.0159843337292238,0.5239990130764254,0.555797424248472,0.6663216085733986
2025-01-04 05:00:00,0.0031950466289248428,0.024326710000883735,0.00782290910124611,0.5463170848868582,0.7188320936254742,1.7367325291893856
2025-01-04 05:05:00,0.0004768130952162253,0.015560967419345107,0.015836151727875215,0.6651274473804443,0.5580956390594519,0.3137056961276348
2025-01-04 05:10:00,0.0014410781527284117,0.0020303464305301906,0.011617868839861663,0.3775882100501674,0.6325537025058867,0.5351699647858303
2025-01-04 05:15:00,0.002377211875064521,0.005538636697766028,0.0065718359674142275,0.8237366703938473,0.7526766319243634,1.9534154286034942
2025-01-04 05:20:00,0.0035655240292343402,0.0002496321695005604,0.011166071842312005,0.3893945114396349,0.6417234774145453,1.3815331365318926
2025-01-04 05:25:00,0.0019342497389270123,0.01265112753320564,0.005325875656963621,0.7190554526259949,0.7897061594591216,1.3928975512699124
2025-01-04 05:30:00,0.0014448004733068017,0.007169681896743889,0.012064140990110711,0.7310094486400518,0.6237497522908361,1.0538996078164122
2025-01-04 05:35:00,0.00388115706944059,0.01824385700831144,0.013041734192659887,0.7136837006065371,0.6052951059827524,2.7649312167433333
2025-01-04 05:40:00,0.0005519860995837559,0.007054734398904734,0.00837187862123517,0.6449360285152598,0.704923359746465,0.3521270694774988
2025-01-04 05:45:00,0.0001,0.007131187912493482,0.010377597557630663,0.29447859233790485,0.6583799117773264,0.02523658122896564
2025-01-04 05:50:00,0.0024400144500533326,0.027188624456540526,0.017972311491807794,0.8476866677395636,0.5266995664542263,2.047173456041069
2025-01-04 05:55:00,0.0014979457756473889,0.0009868058647991072,0.008592253845359207,0.029375013265613044,0.6994901524087507,0.05346742386573312
2025-01-04 06:00:00,0.0009787671828692867,0.046639247243823574,0.0072784128030332065,0.5125717256384389,0.7331804876043269,0.4941593102224614
2025-01-04 06:05:00,0.0027083564472993532,0.03824655063228152,0.01559708618400607,0.6312741650921341,0.5618437390245186,1.7031876492172833
2025-01-04 06:10:00,0.002243800713771199,0.022040643590268243,0.018017819675389644,0.5532974347795584,0.5260690952497401,1.2368177935425497
2025-01-04 06:15:00,0.0014359213692632716,0.017989732801526805,0.010011093163911258,0.3953192082172766,0.6664202430336749,0.5609133188519508
2025-01-04 06:20:00,0.0007196956013291057,0.044568577808861115,0.013545088423125374,0.6417863878082521,0.5962124692511577,0.4583878495634534
2025-01-04 06:25:00,0.0028724573282801445,0.004099447521679776,0.014954733438045941,0.6981142316983434,0.5721685744063294,1.9986842945909087
2025-01-04 06:30:00,0.002650201177958661,0.0016452352064820484,0.008003186887018588,0.7536552540214918,0.7142044253995741,1.9999462173130824
2025-01-04 06:35:00,0.0019008241362206172,0.005475850800686378,0.008645105670628515,0.6972853314172099,0.698199553877267,1.3170419500856103
2025-01-04 06:40:00,0.003846636996047666,0.03165380471725468,0.014466670927132703,0.6556069530927883,0.5802707213087901,2.505968190498474
2025-01-04 06:45:00,0.0009299152336738475,0.0007057108699065301,0.01657821321827812,0.7532844557677236,0.5467735638329652,0.6854751316091653
2025-01-04 06:50:00,0.00047447482907526125,0.017484118784391343,0.011839594150587416,0.625560706354898,0.6281487102319429,0.29045069205681473
2025-01-04 06:55:00,0.0013080919301187556,0.10779776217720168,0.007680163123272306,0.30005566078935003,0.7225390945469121,0.39048697567950136
2025-01-04 07:00:00,0.001954413983644502,0.03871667487671538,0.01815059652394586,0.28528612297013883,0.5242381986726384,0.5504218852792797
2025-01-04 07:05:00,0.002243339449322692,0.014739711440176356,0.00852747943459238,0.560236695135484,0.7010784126882248,1.2424776849644434
2025-01-04 07:10:00,0.0017587639421436701,0.0013151246430506303,0.009043477310132749,0.29479384663175634,0.6886227770330503,0.5181592413392287
2025-01-04 07:15:00,0.0023520553965142967,0.03560138308653479,0.011081604079303566,0.0817382338935385,0.6434674333078414,0.20120878578010631
2025-01-04 07:20:00,0.0007484605758095559,0.01827480515087411,0.015940024640810808,0.7913656428921543,0.5564826457377966,0.5820128530979842
2025-01-04 07:25:00,0.0034437646040732595,0.002441838546056346,0.012920017927872361,0.9002443777410729,0.6075330834819085,3.0916442271760505
2025-01-04 07:30:00,0.0019178488216074312,0.00197116926148923,0.01132536321820662,0.34721531587549287,0.6384602745284625,0.6648363713594272
2025-01-04 07:35:00,0.0031172958315881277,0.048076154615686775,0.011491086547710931,0.41226855073739327,0.6351003471950315,1.2824108544605437
2025-01-04 07:40:00,0.0023427253463777042,0.02212484221376102,0.010131399812764952,0.3516957292733328,0.6637594046170779,0.8250216589700582
2025-01-04 07:45:00,0.002456753219153784,0.035355406390448096,0.011822765439547306,0.5765538516885841,0.6284808917060764,1.4116109386055888
2025-01-04 07:50:00,0.002569767280232204,0.04223580741509883,0.004681961142450211,0.3056749829875658,0.810308382084041,0.7825190254261487
2025-01-04 07:55:00,0.002447708560017315,0.016962006741298403,0.009148618234611446,0.4025996595197978,0.686138870769927,0.9777834577302904
2025-01-04 08:00:00,0.002642722759867544,0.014573263526231575,0.010750816159106204,0.6854413509426475,0.6503892415901756,1.8028175364622538
2025-01-04 08:05:00,0.003329152530132431,0.011257380841891486,0.00708004927840566,0.2374946099477758,0.7385510932562639,0.79054495554092
2025-01-04 08:10:00,0.00219652116970147,0.007623644402267663,0.011228802042864253,0.4846629000242719,0.6404344288502728,1.0575497215047127
2025-01-04 08:15:00,0.0027090037575885125,0.011404293797662677,0.009405021292428855,0.1921748872152176,0.6801559434731497,0.5203667760897009
2025-01-04 08:20:00,0.0019102643057127733,0.029733758493334518,0.01693238063276009,0.23929209739670515,0.5415302143360728,0.45525511808903985
2025-01-04 08:25:00,0.003440117215449473,0.018422218156342204,0.016030465581071896,0.16984209552088023,0.5550858052333002,0.5857199659992802
2025-01-04 08:30:00,0.0013236076979407305,0.044609622112586726,0.00869582845082766,0.552449480451049,0.6969654155227273,0.7328363539828093
2025-01-04 08:35:00,0.0038009404329108157,0.01171745047843888,0.00955757256975757,0.474258153929775,0.6766455517549302,1.7984842732787347
2025-01-04 08:40:00,0.0019598420493556565,0.01868347257530578,0.009780599916408799,0.058853311111061936,0.6715781433597048,0.1082286903437981
2025-01-04 08:45:00,0.0005692248978819519,0.01995584919381853,0.008732810467265035,0.4810841391167477,0.6960683509462388,0.26791833287154754
2025-01-04 08:50:00,0.0021281044149107893,0.01791492261319026,0.010602529324815426,0.168737886864116,0.6535407510836729,0.35752310644159135
2025-01-04 08:55:00,0.0013189483425251193,0.024255816251059558,0.007965346715758291,0.8642433305852883,0.7151708220635123,1.1238294668580757
2025-01-04 09:00:00,0.002840643548988724,0.005421310394332255,0.007123509366252079,0.6974879738848891,0.7373677104218906,1.9832894739990212
2025-01-04 09:05:00,0.0013473760206976092,0.01436371193804828,0.012054022964136747,0.7219370265589173,0.623946642278779,0.9647302821049686
2025-01-04 09:10:00,0.0015538165667852203,0.0022013158695666168,0.012078704800546996,0.6976879398218603,0.6234665683777534,1.0775586768463474
2025-01-04 09:15:00,0.00011045926905446906,0.009706774749981193,0.007856100510651717,0.46696210669165,0.7179755828477258,0.05473942404909071
2025-01-04 09:20:00,0.0015476936807509232,0.013375612173375065,0.013081404556021152,0.7023353230902825,0.6045692517719837,1.0746616946689485
2025-01-04 09:25:00,0.0001,0.021123948618385766,0.00827394792530592,0.3251391296440238,0.7073649584711683,0.03269393839166859
2025-01-04 09:30:00,0.00041609717651427676,0.06012820262463886,0.01078908164969412,0.5043202720040609,0.6495809205208527,0.20385576803204436
2025-01-04 09:35:00,0.0027604146561442974,0.018358394486662006,0.012790315676277756,0.23014925516601412,0.6099361835198511,0.6314432610996459
2025-01-04 09:40:00,0.0027858001586508322,0.027219856527131842,0.0098996690133127,0.9281799801704329,0.6689037256932538,2.572674299487826
2025-01-04 09:45:00,0.0024254575617849647,0.014115169777113546,0.011461657870215636,0.1073974719005017,0.6356944088103429,0.26758507332704307
2025-01-04 09:50:00,0.001033023856870787,0.020108124494348033,0.008564760766203884,0.33578572676211416,0.7001633993610338,0.3421212419231582
2025-01-04 09:55:00,0.0019522886438580202,0.0014714715699226009,0.009427633568024374,0.2863273079805671,0.6796333097518144,0.5597914840912179
2025-01-04 10:00:00,0.0019963974609094317,0.005871094477702782,0.00940110526484165,0.9247573072707905,0.6802465356265482,1.8281143624654053
2025-01-04 10:05:00,0.0008416353108074573,0.00898373521418981,0.007993363133340602,0.4853966736653795,0.7144550622493672,0.4105469710773935
2025-01-04 10:10:00,0.0035033983017671508,0.012791876331344175,0.009483494287303215,0.2921250568631847,0.6783456467238623,1.0259211175899587
2025-01-04 10:15:00,0.0028773622905756717,0.0009344696800468241,0.006283955276563832,0.6400311193500987,0.7609204851232212,1.8380666512347925
2025-01-04 10:20:00,0.0017790358261703361,0.003017018210759944,0.008629952222347212,0.8463954768937096,0.698569101501641,1.4973288116449432
2025-01-04 10:25:00,0.002026885838994531,0.006481785082066823,0.009180874348055791,0.47984125150893286,0.6853804228567443,0.9701780754398195
2025-01-04 10:30:00,0.0022083828079475527,0.07117997798463181,0.009260251121523825,0.20262948256300325,0.6835211330530246,0.4570510190866884
2025-01-04 10:35:00,0.0001,0.00804980097288224,0.009301129637985508,0.26483442567746196,0.6825675408115436,0.015203999747401262
2025-01-04 10:40:00,0.0017528226174794031,0.01315718605257502,0.00981641351386823,0.7857140901972474,0.6707714860037606,1.3734146706948085
2025-01-04 10:45:00,0.0013180157520022015,0.00436555100891286,0.011546906301673005,0.7217638113417834,0.6339765873948582,0.9384038469613442
2025-01-04 10:50:00,0.0009983799901050845,0.01887221450279832,0.012999881151582727,0.33968014171583744,0.606062788775855,0.33461446307179415
2025-01-04 10:55:00,0.0017188997071140451,0.006589068558228241,0.008228926139427759,0.42730577354380117,0.7084931216021606,0.729740100747744
2025-01-04 11:00:00,0.0037976865268495225,0.004638453970985004,0.006970066993207901,0.5985892430094605,0.7415628594855462,2.2669405048799045
2025-01-04 11:05:00,0.00264084286126701,0.014537083786488412,0.0073153272427401595,0.7004093807172054,0.7321896538990057,1.844495063562384
2025-01-04 11:10:00,0.0014288210102172032,0.00011042023874619545,0.008640186918223245,0.6321139623153649,0.6983194647823459,0.8920452716934263
2025-01-04 11:15:00,0.0025725827813561585,0.00015387104540800603,0.008998057292518956,0.6824370365956968,0.6897013754490267,1.7546310643326273
