Date,Price,Volume,Spread,High,Low
2023-01-01,103.47965903006573,1679.7421599667327,0.0008382669336425009,104.3460891375826,102.73867166608687
2023-01-02,101.27694109268464,1836.6884196271849,0.0006703746790458166,102.1434529065824,101.06149136523692
2023-01-03,98.44762790493799,1955.0300562928564,0.000821384784420744,99.02419286214085,98.21770611028072
2023-01-04,97.47260755793394,2997.6214265131885,0.0016289039280823858,97.80747012701721,97.32077634440444
2023-01-05,95.47419512994277,1490.3129610048738,0.0011826620380390312,95.86304541497992,94.13807735933823
2023-01-06,91.55435930812324,2857.0814601708876,0.0011913555297926432,91.65416539296957,90.80345346710459
2023-01-07,91.89194771318854,2365.793230448655,8.452527297175719e-05,92.01888316808103,91.16423396690861
2023-01-08,91.72466462531973,4361.80150941231,6.91595106955057e-05,91.99367454025708,90.97624653800783
2023-01-09,93.15026475317865,1825.7132354675873,0.000887881278975909,95.96664518461029,92.61412917658592
2023-01-10,89.60424728113597,2116.9297309109975,0.0012722755203122876,89.94972582035476,88.81083475496797
2023-01-11,87.8520353809683,1905.4745304879577,0.0007970742731941274,88.49484207279795,87.13586222084064
2023-01-12,85.42580711519119,4976.356235049952,0.0007946878960254755,86.82130914602898,85.3985190392122
2023-01-13,89.13564083485399,5625.3561007476355,0.00019307980426480208,90.7772565789014,88.03088583113389
2023-01-14,87.60979504548285,4233.08540128432,0.001446792967016361,88.88235898211884,87.41442556964701
2023-01-15,88.45166996246734,3778.2045899465343,0.0013328590144956844,88.92349734693857,87.44779037809442
2023-01-16,93.00296271267847,2404.587023754758,0.0012091378257231525,93.16638364878922,92.61227776398181
2023-01-17,94.15615538890502,906.8573510362918,0.0005425982209060325,94.25930661581302,93.24967418249123
2023-01-18,95.19320166477627,3846.511699424813,0.0005981213925037659,95.6371678075487,93.9435565638363
2023-01-19,93.2605326530629,4393.563019082321,0.0004276405272107557,94.04791876888481,92.1540970981451
2023-01-20,95.44591880391489,4921.38088316496,0.0012219143091738082,96.73130418273301,93.98238960436665
2023-01-21,95.21333888959306,2692.335753438182,0.0023138349597442605,96.02437581673898,94.5289086541078
2023-01-22,96.74711558532276,2156.167026976746,0.0006606065653230526,96.8997760882454,96.65074167448883
2023-01-23,96.98320040799707,1925.608466562338,0.0008934702544829584,97.22541265375493,95.65207585400002
2023-01-24,95.52976335209061,3900.196149548357,0.0011762206010898452,97.05711362241067,94.86346615553282
2023-01-25,95.89967628882502,3935.8027658986985,0.0020195873991674614,96.20301773436545,95.86086437626834
2023-01-26,94.31991456093691,4266.861928515043,0.0014936310625380353,94.38332442131797,93.9328330158302
2023-01-27,91.9302880045321,6356.772924757807,0.00020043199493217782,92.08303513409714,91.38256407681402
2023-01-28,95.3823392163009,2821.4454967360302,0.0009705654160593245,95.71795123160977,93.25925476101092
2023-01-29,93.43052823186875,1357.473758068046,0.0009866741727807174,95.09961725391567,91.74072292587329
2023-01-30,90.86022025454704,2997.6808753423556,0.00035646851596523655,91.04096712506185,89.70161124797609
2023-01-31,91.20175826254693,5815.255892397162,0.0013185256703779514,91.56749674514025,91.17378630197253
2023-02-01,93.02658637511202,1548.4092414323545,0.0005960879576257538,94.35964775091007,92.16394701048826
2023-02-02,95.61195667307165,1504.4837134611244,0.0009093998832878407,96.31112564629349,95.47776180765291
2023-02-03,92.32577503723584,3483.47806554933,0.0007835160176498043,94.11167747833503,92.24822133970918
2023-02-04,95.19422696956563,2424.6490186449737,0.0012256593730053612,96.85819857709203,93.32008747283713
2023-02-05,95.8102288256163,3230.007140514282,0.0011725040168090424,97.97484745549684,94.78985979784268
2023-02-06,92.67361544290063,1892.4372605090732,0.0006485244659408572,92.78268283962399,92.51561782941414
2023-02-07,91.81994885692785,4483.1795013914525,0.0015982792571536775,91.94529841471967,91.60528496881807
2023-02-08,91.46153503636137,2752.1817712054954,0.0004757901770440086,93.77916056101908,90.66656305720875
2023-02-09,93.80997422640792,3683.1287311090377,0.0016534325271115047,94.61065866101028,93.66955115660775
2023-02-10,94.52597024263376,5673.240331174444,0.0005366342474159713,95.09435204986417,93.73830749371851
2023-02-11,89.47917662821274,3119.6747455821464,0.0008651197000677107,91.10724725740388,89.01225967818438
2023-02-12,88.15582501788603,1975.1727019521009,0.0017479223698528574,88.68238990808715,87.55684499932006
2023-02-13,86.70209694538248,5885.498503179268,0.0014590255512552178,87.30030365062865,86.58201222680226
2023-02-14,86.2497319452223,3572.5310120569775,0.0017216686246983815,86.25037948038832,85.867204428625
2023-02-15,86.01038250730414,1924.9080084531454,0.0021958804085389534,86.66783717035669,85.92297232787367
2023-02-16,85.3504464412399,2920.5399591422397,7.300644461484876e-05,85.58811776284094,84.21240639598906
2023-02-17,85.0848626650972,3443.8200844005532,2.3152832993952486e-05,85.23773257155278,85.01576216095856
2023-02-18,86.31109512898055,1897.440843678136,0.0014291245293403532,87.01662028701276,84.86026685479143
2023-02-19,83.83275798449289,2036.6063719219242,0.00026313851672018877,84.56557747337354,83.32978915058158
2023-02-20,86.10771895084589,4935.812263423998,0.00029581400866262794,87.80432942027737,85.90990539287864
2023-02-21,85.22884235103245,2910.784190131379,0.0013964890218609407,85.50812538455344,84.88613181353965
2023-02-22,85.1883741114409,3129.2021200141553,0.0010987195518155995,85.55374867406411,85.01341365180524
2023-02-23,84.06517985320127,7585.494540020039,0.0008332796682337721,84.52385707459958,83.83899298524155
2023-02-24,82.09823235068916,4823.078801617895,0.001773006983397584,82.92539477316384,81.16883468815116
2023-02-25,82.81735260215126,6381.850614014685,0.0013424187769982307,83.39748416982718,82.41257395420709
2023-02-26,82.49303960986745,2831.0198608516093,0.0012774275864864501,82.50233752645097,82.0088819037685
2023-02-27,85.2339508760591,5449.313177984018,0.0014948650619769433,85.52706047250564,84.66500348348963
2023-02-28,86.92328651319382,2670.86034579437,3.611626597070682e-05,87.51270315522476,86.69451288328203
2023-03-01,84.44251010457242,2921.9277237495353,0.0010960495281155398,85.10718391711008,83.9567741033082
2023-03-02,83.02455841859155,2454.995406099014,0.0008570905200852185,84.42957253168787,81.59706922967374
2023-03-03,81.32284106268045,1778.1783762410082,-0.00036372754369556133,82.42002337610998,79.67220545657946
2023-03-04,79.13685867707024,3541.022019773988,0.0011565436422656796,79.8899246101012,78.17076486295102
2023-03-05,78.3011551568612,4191.139691944951,0.0007220615024691377,79.13058924361114,77.1883004856582
2023-03-06,76.1465196087623,3484.618909736675,0.0011212677128505193,76.80116412795266,75.26528003184777
2023-03-07,78.54161158460383,2907.81107892567,0.0012963370845292994,79.07576598738297,78.33956267247676
2023-03-08,77.79725847690176,4035.0394913140094,0.0015353977897904479,79.51546154683166,76.75146220463873
2023-03-09,79.74038159183895,2982.4048565869302,0.0009932038163590184,80.75172401583905,78.6509628137007
2023-03-10,81.02666367657014,8951.503729341797,0.0019424138444559436,81.5938270752458,80.64991702219208
2023-03-11,79.53572123854029,3359.4188222355556,0.0011854659949759243,80.13159063818175,78.787100912252
2023-03-12,81.82680731816401,2483.719430401429,0.0015090794342911369,82.24054818097282,81.5647143008362
2023-03-13,81.39176409997997,2835.371411040454,0.000680695183094162,81.94157387716398,80.47595563280586
2023-03-14,79.25927883188322,2874.767689714918,0.00144793954113799,81.05591520901419,79.1121990909869
2023-03-15,78.7463820874429,3893.429365525753,0.0008237239749077352,78.94530043974225,78.37950128862025
2023-03-16,78.81761906570888,9758.783669641956,0.0003830179971744291,78.91696167350833,77.90153103366872
2023-03-17,75.78807399809924,5030.374499029081,0.0011050226375137046,76.67093114020076,74.2086030666322
2023-03-18,74.54858321207416,1531.3001751017757,0.0014845570423480943,75.59602237381455,73.59601526668646
2023-03-19,75.54669163668336,2851.977450005922,3.0080412503556957e-05,76.19102111918956,74.15035803892349
2023-03-20,76.22751987019512,4517.3463523527325,0.001011616960592261,76.24038259888398,75.21917538757148
2023-03-21,77.33851368606501,1192.232170175292,0.0008114705162358905,77.98527174236793,76.09135720595386
2023-03-22,77.36767782767228,1722.1180861011715,0.0006628036518315435,78.05029797584531,77.17388164866375
2023-03-23,73.59604847232391,2723.0516449491734,0.0017780243024567923,74.019548115195,73.5138415157174
2023-03-24,73.5199412333823,2378.6789972862607,0.0013038947319836782,74.06164774856948,73.3194656379554
2023-03-25,73.05188459064193,4503.049777851877,0.0013328674409716623,73.17071323768393,72.25127015319558
2023-03-26,73.56214800615535,2993.5747840448776,0.001045874745877573,74.20964559869884,72.327894268993
2023-03-27,74.33268975845925,1968.4509748570017,0.0011618340896928287,75.71027251714936,73.3254007978421
2023-03-28,73.15488683279857,2349.175827822832,0.0005111326615657665,73.20716098511227,73.14691751869881
2023-03-29,70.37828151154176,2615.837107608177,0.00012929930049965937,71.46206954067029,69.2715912367157
2023-03-30,68.65117242425343,4688.503844179071,0.0018837693712407896,69.17325004679724,68.2708225258257
2023-03-31,68.50467599252322,2154.891161779372,0.0010731884756549185,68.9507316897933,67.93434378304904
2023-04-01,67.83525722262074,1578.2659250481397,0.002113227712111735,68.7777370342374,67.20437027546352
2023-04-02,68.94298898945765,1042.9874131743736,0.0016085096648929854,68.96759134681153,67.9266440003444
2023-04-03,69.98733127619451,12531.730727814833,0.001145292595908906,70.4337765860856,69.59558078855638
2023-04-04,66.2579499568701,4099.863860560142,-5.782075889415898e-05,66.56057902924762,66.00229855506663
2023-04-05,65.8383400189508,2463.7977091010607,0.0016873091079189157,66.19762599478719,64.93664261293002
2023-04-06,66.33962337547176,9614.352132486802,0.0007732877563336564,66.87678598754461,65.60561760721991
2023-04-07,69.51443433391024,4158.546950443518,0.001349180898119105,69.8856100631591,68.36163795620013
2023-04-08,70.14609699182778,3128.8638904965237,0.0007987216127960332,70.4156879717984,70.03104216274836
2023-04-09,68.76084363504954,2266.7012489651393,0.00030832909300173997,68.96552461455823,68.13513981290916
2023-04-10,68.5915698727576,4292.296727006619,0.0010652901611935821,69.0259564110145,68.51867026508437
2023-04-11,68.59727531707006,1352.2702396829068,0.00171065235955376,68.9673015852319,68.27619916976349
2023-04-12,68.239611097463,10860.602471014963,0.0009759718699207479,68.2987117565854,67.11350832610191
2023-04-13,68.83465933070248,4192.464837525107,0.000643318054264571,69.03283070679494,68.20313671466248
2023-04-14,69.27275681525731,2222.641583275509,0.0013944716880065935,70.29005646648602,69.06808527541985
2023-04-15,69.30964007806838,3270.4310581617137,0.0010652308233582604,70.18974350905795,68.16744122076925
2023-04-16,70.94361843294755,2945.164102461784,0.0007907155291403142,71.3380811584849,70.45841172230222
2023-04-17,73.2553802586552,2742.8634691441735,0.0005911518932349084,73.83680021634491,71.96504590820962
2023-04-18,72.33128202671138,2773.733183412987,0.0013494134289235066,72.97817317295238,72.13435392947012
2023-04-19,73.22756153974875,1783.2956085580015,0.0004884265466580386,73.36865095505219,73.0986264578125
2023-04-20,72.38560227970041,2740.1555050944794,0.0009467420332536003,72.40991838859917,71.78418647808549
2023-04-21,72.17631526161897,733.0488649156836,0.0012480705237448444,72.91862461043374,71.37199832479577
2023-04-22,73.65322196106227,1629.1367987113845,0.0009411236288518178,75.81473944075599,73.53163419496418
2023-04-23,74.65170240662695,2715.8906418766746,0.0009915664906662556,75.25898543433675,73.8876951785397
2023-04-24,75.71132255568932,3326.707552199041,0.001089375922743061,76.46713687037645,74.57427282342094
2023-04-25,73.97331876892123,2060.3953872357624,0.00045305209899570607,74.03282845166733,73.88206386233452
2023-04-26,74.65149705078566,3771.0726913259405,0.0006917610307407079,75.24510457002081,74.38774964927335
2023-04-27,75.30086820170132,2865.875926468471,0.0002155884713548466,75.3314227747702,75.03289265959681
2023-04-28,77.62669976437469,2983.496273277945,0.0014321273055866743,78.20431023573833,76.37728753189754
2023-04-29,75.30513540604183,3121.148092161887,0.0007895670523233944,75.61424121218994,74.8212100597091
2023-04-30,73.73304054791765,2305.004606883128,0.0015869728349551275,74.18937829122753,73.06750513173398
2023-05-01,72.08100318939898,5556.198298420776,-7.852329808970986e-05,72.17976058583987,71.58706186521678
2023-05-02,72.0891137491922,4775.46694813707,0.0014043246856566074,72.84048379640332,72.03307003592366
2023-05-03,71.4782936300533,2771.0543679082793,0.0007399906688127261,71.55584796477406,70.6442328026836
2023-05-04,71.28267222639869,1759.0221565748275,0.0006312488881338556,73.21072965863061,71.1996070903778
2023-05-05,72.52791188265677,6250.817029171034,0.0008791196843087477,72.95842144164294,72.51685666061299
2023-05-06,72.34745031484884,5943.768142204354,0.0011467655469379315,73.33960984158504,71.37095154859037
2023-05-07,71.68303541205458,1866.1553317027692,0.0015934207281260732,71.9264589170644,70.49472799437483
2023-05-08,72.50471034138782,3046.9426800090264,0.00025151877189189117,72.71338559020433,72.42093163069525
2023-05-09,70.61983095498668,3266.6912227612634,0.00035005844083093435,70.78854197900539,69.47534650064169
2023-05-10,72.08685182349198,2022.8219847669652,0.0003370096678607579,73.16567376352295,71.90439806401695
2023-05-11,71.48038410697653,4192.572917538341,0.0007598809096702863,71.71340760424397,70.65519432896258
2023-05-12,71.13830898773105,1749.998670418744,0.0005653513655884862,71.66138921890914,70.6628845276051
2023-05-13,70.57856384808964,2377.2344200910024,0.0011673072966799302,70.94530654263642,69.92465086223244
2023-05-14,71.66304438448941,2734.658841641578,0.0008372803505415509,71.98310055745841,71.35282878820799
2023-05-15,71.95042910362024,1522.0772616742033,0.0013596689124276105,72.67858966198797,71.93215446121086
2023-05-16,69.57222080678697,3062.9008259788347,0.0003116923806745466,70.11934348974218,67.708995770242
2023-05-17,69.65897987915952,2945.6672175679587,0.0003083868906539356,70.14982985817504,69.57832897879625
2023-05-18,69.20161346616752,2970.745345004507,0.0014180610788165505,69.65437451952063,67.9754380531599
2023-05-19,68.95633173898622,6151.970887779761,0.0009250747476802479,69.38650408846037,67.68060088523
2023-05-20,69.07213914246924,3940.9926676238724,0.0004801538203149726,69.59305186291616,68.61399409638062
2023-05-21,68.74318615556618,3885.321833774379,0.0008638815556623617,69.27050652823566,68.47541497772905
2023-05-22,69.84744093972647,8809.32955916324,0.00015043153821432914,70.66239057690616,69.52613359582023
2023-05-23,68.0520007136806,3010.6693997594825,0.0010895768112705042,68.33040896420727,67.66701184765631
2023-05-24,69.17531943313385,3001.631699393036,0.0006147481574858906,70.27211289858018,69.07115868181837
2023-05-25,69.54634826303497,2830.1081212519066,0.0007219295690803795,70.09356704104817,69.22710912877731
2023-05-26,69.4914428133113,2274.1918075889776,0.00031117470094878957,69.80022146505846,69.16462832380044
2023-05-27,69.01789830983422,2738.7968516253,0.0012787932144024295,69.44921284151705,67.29278871052907
2023-05-28,68.40432806588933,4051.806919103314,0.0007044978554264141,68.852179780741,67.97936860304836
2023-05-29,66.27420807434954,3111.565924418692,0.000857592797503685,66.28994141776181,65.96532676563609
2023-05-30,66.34848284102051,2241.180379166125,0.0016825878356256088,67.66325053333458,65.82243628976192
2023-05-31,66.86544872908719,8050.2894677422455,0.0014886203957826846,68.05845184186458,66.8107116850328
2023-06-01,67.84912540402804,5352.400724014412,0.0013092173446566618,67.86982977731054,67.30935773354743
2023-06-02,66.36594844923297,2910.717784473358,0.001297970914295816,66.61086214093463,64.76771372929863
2023-06-03,65.75521633770948,5468.281077427335,0.0009644046151612818,66.265576119522,65.30029043259144
2023-06-04,64.33341509506317,6783.954716720744,0.0016405403776197916,65.02402060552888,63.709605568349936
2023-06-05,66.64848258756794,2749.870877720025,0.000981994485189659,66.7529943191549,65.51614775545804
2023-06-06,65.56882993096777,1858.2257661811482,0.001386047636501056,65.99386075008898,65.11754051752547
2023-06-07,63.9975850662247,3380.2401204152343,0.0008384960305803278,64.78634158574164,63.73195580187587
2023-06-08,64.79908591671555,1849.172425286398,0.0015144997728529259,65.04407700265519,64.20615942981253
2023-06-09,65.2474449317026,3019.7293217920746,0.0016343699132989004,65.25588173907617,63.97578513178417
2023-06-10,65.18439023716604,3025.685123004354,0.0012145625726104519,65.38239547172658,63.88890480885195
2023-06-11,64.50269389586933,2204.2168631000986,0.0005556482681674068,65.03196807081949,62.951871373424666
2023-06-12,63.275562637013316,3709.998657755571,0.0003334011649873272,64.53951286599862,62.157425290526696
2023-06-13,63.23987373763299,3683.24687093164,0.0006072568119858933,64.59688611941145,62.92353169992415
2023-06-14,62.563390714952426,3081.8543863754776,0.0006208966690741395,63.199258880915366,62.53721264522401
2023-06-15,63.71876269885642,2798.5720210259237,0.0011929741324936524,64.40144758094883,63.30648776493709
2023-06-16,62.14519115220946,2346.815145368812,0.0011764193793181634,62.83421213660637,62.03747424232636
2023-06-17,64.99067751336047,2909.4068948192316,0.0020454448378288397,65.12042998713945,64.29721700004161
2023-06-18,63.26550060099905,4498.740745483564,0.002043664758697868,63.77268955159626,63.20452103189682
2023-06-19,61.738711839046886,1742.2924653382845,8.587685781247451e-05,62.43275289367721,60.569302638777174
2023-06-20,59.51200042988376,2297.1644233280967,0.0021260214228958274,59.711419380973894,59.05390637360469
2023-06-21,61.33237713410098,3532.9376841558674,0.0005407653980161146,61.33308408260295,60.817163037734225
2023-06-22,61.54975555595394,6619.242954435764,0.0009016756363190913,62.76467715613147,61.332488375906685
2023-06-23,62.97378641869782,1411.3403121729589,0.0014228151383297266,63.54997283515072,62.2089184810471
2023-06-24,63.92075041674309,3240.506159108852,0.00033721453458166557,64.37152432781448,63.87489905950594
2023-06-25,64.32601660912434,1256.064907320298,0.0013291640327867894,64.60031712048436,63.67038998471079
2023-06-26,65.71902224621913,2493.7016318789965,0.0003954990093493323,65.81391550610388,65.64647820358049
2023-06-27,65.94450831399145,3110.58174026271,0.0010364196070033903,66.78244991878702,65.19725267795857
2023-06-28,66.73378184026171,2388.288439057389,0.0006196191159816946,66.76814670186873,65.89990453969659
2023-06-29,66.50321079476377,4611.631245165619,0.0008951525599966923,66.58697582337918,65.91363154356235
2023-06-30,66.85904050059116,5153.408034793024,0.0007151199125795001,66.96768783644922,66.43827441082192
2023-07-01,67.8454152283686,5127.209689490181,0.0009622252033587939,68.98978751530048,66.93176108735233
2023-07-02,68.18622638903713,2972.8651328748865,0.000608698628725874,68.19792817456053,67.80398571402579
2023-07-03,66.33056919693682,2029.2541972854624,0.0004985810439189083,66.9447157720313,65.90086413349194
2023-07-04,66.69187241710334,1858.0397554009585,0.0005760291321676477,67.09456238193418,66.4982671682656
2023-07-05,64.31458297212389,7656.8652265883575,-0.00031309628422269845,65.33301316510355,62.47149445008322
2023-07-06,61.91970300470969,2439.1364206641906,0.00027021391938055774,61.97971497531966,61.568530639051694
2023-07-07,60.91972847345792,2234.125699986694,0.0015339622712021168,61.13836482911457,60.315838432142115
2023-07-08,57.98972314977235,2972.6581837900967,0.0002970176550685505,58.65891576334315,57.470843990440436
2023-07-09,56.99256816766935,5577.316338954393,0.0015808952530471385,57.1529420982417,56.91753630474468
2023-07-10,58.46089845136334,1919.2953744235788,0.0017353113039954343,59.56361721951439,58.066017105388866
2023-07-11,58.1490163295001,5431.647333708434,0.0007929252559209616,58.5141381158705,57.44639055673238
2023-07-12,59.627088246327745,4004.4390070944846,0.0007548937490358303,59.983872930007365,59.596653617647654
2023-07-13,60.15993826272824,3471.9927954881528,0.0012402972029940107,60.521600750519156,59.69472370706687
2023-07-14,60.593185763856326,2173.4615438006526,0.0015830780553380314,60.75131528093173,60.334796828450614
2023-07-15,59.15508139410572,6352.2027400548295,0.0013258823357199293,59.32442780477888,58.627450099234814
2023-07-16,59.584047939670725,4845.118422643127,0.0006103235898096185,59.847086857939516,58.80286179042375
2023-07-17,61.097453983412564,1963.886223856982,-0.0001752551560128446,61.746692122281424,61.06199393189678
2023-07-18,60.93668931385924,2571.626222146121,0.001787080289974759,61.877973498966874,60.41322414771657
2023-07-19,62.146438457774934,3100.30529515145,0.0009218106778802807,62.62321009681778,61.44727947196273
2023-07-20,61.36465769557113,2462.5877733059638,0.002314269580891458,61.774047350533195,61.33268530754321
2023-07-21,61.41206664503615,1731.4518277333048,0.001123988014252244,61.70499447689436,60.89534007051272
2023-07-22,62.172584400195575,4397.885237414886,0.0016305270442781958,62.52443838380029,62.01366235661911
2023-07-23,61.20723690029054,6261.318969046384,0.0011869694246279816,62.680452533977416,60.739331655128545
2023-07-24,62.2112116523605,3543.0397665058103,0.0011562832333960273,62.68865660292318,62.116650836630875
2023-07-25,64.414063031654,2209.0378037495966,0.0008700134810047887,64.83227539080909,63.82526430999512
2023-07-26,63.21775843773392,1796.0810238756956,0.0011019037936413258,63.737116021204606,63.10414258365462
2023-07-27,64.79340225275212,1216.2503486508924,0.0009702414856131397,65.62609239229971,64.26894886865699
2023-07-28,67.39422597808361,6391.794124462245,0.001300593673800584,67.49977780817103,67.38353152946098
2023-07-29,67.64584845480174,3690.7602071062256,-0.0003519498793111218,68.55593832297039,67.3337035137637
2023-07-30,71.24128009399668,4679.183599318437,0.0012617587196273824,71.30559774498913,70.69194702646217
2023-07-31,71.9596625875315,2740.2622199571965,0.0008921236313177562,72.1692947518019,71.49033953022916
2023-08-01,72.143344704717,3214.4218737517067,0.0012868506863660122,72.82053031554597,72.12177608921529
2023-08-02,71.20605388820178,764.7274687491498,0.0010501903094642237,72.19512475476319,69.93037411325415
2023-08-03,72.1769210352599,3844.080494843366,0.0008824739697417018,72.66144579178913,71.93456880239798
2023-08-04,72.5057082963443,2398.88947210534,0.0015483811711043808,72.65490103362039,72.43027763613892
2023-08-05,72.56646979412636,3160.46309130645,0.001117484299532188,72.93967506565424,72.39919712806535
2023-08-06,71.37680557936878,5793.584837435541,0.0014038879989799761,71.8249472596845,71.15960532410776
2023-08-07,71.55725378448737,1981.105842739213,0.0007178525012756225,72.60658398902716,71.13091754976615
2023-08-08,72.71378449090581,2402.623121153462,0.0014705844756532067,72.85448841172814,72.14656367977021
2023-08-09,73.75129134636224,3202.306960220492,0.0006872335564681202,74.50777964806056,72.52149248110875
2023-08-10,72.33108832370463,4700.38635096466,0.001194765833743739,74.21135620968172,71.86889006731805
2023-08-11,69.85919543218425,4271.287416749912,0.0008817407060229132,70.04893498204842,69.28969531485134
2023-08-12,71.98886033471842,1440.279262690625,0.0007539435655900849,73.45886644041224,71.08968282506905
2023-08-13,69.93691827026154,2111.8329566190255,0.0010192359819603753,70.10771735128945,68.77185920456708
2023-08-14,69.14346153574871,1082.840112649614,0.0007224781825688825,69.70179862510474,68.12389159789025
2023-08-15,68.62107169107367,2406.8260756960412,0.0014780529987478948,69.00809852345635,68.3353525056337
2023-08-16,67.3534302479807,3841.0882234662163,0.0008243966242282445,67.8085162755147,66.9827725578162
2023-08-17,67.77202397608872,3235.8837924803724,0.001138155395570415,68.29639284729399,67.34926856527264
2023-08-18,70.46659728892278,2861.250764942477,0.0005720030157067495,70.65143763202401,70.22433096072491
2023-08-19,69.04387018724239,1616.2030874976824,0.0014555881428290583,69.60827150039697,68.84257658448035
2023-08-20,67.88022739269869,2531.3046523497246,0.0011215874445441407,67.88233772085779,67.81641790501554
2023-08-21,66.27773169971799,4729.772580103601,0.001482406449844631,66.40949011221275,66.1639954406738
2023-08-22,66.53404808761363,4322.933057086005,0.0015496439208687437,67.02883050235363,66.34541907663717
2023-08-23,66.90529763776277,4833.9628694097955,0.0010151091846881287,67.11363059595848,66.1560269238824
2023-08-24,64.29918346248697,5760.749004997911,0.0011336860681367853,64.85840165702564,63.27964347969323
2023-08-25,64.17976623139495,2396.7257502992957,0.001178886312538669,65.2221684529494,63.624578766298306
2023-08-26,64.84274323478391,5291.648631910828,0.0011044735368279923,65.83240386130664,64.40328973430285
2023-08-27,68.72187571517718,3230.105030492872,0.0010229052229030564,69.2232953614946,68.28559318019288
2023-08-28,68.94765259312739,2644.0253253057754,0.000810545273179501,69.47999158865295,68.51807356617766
2023-08-29,66.97886058307122,1655.0487769234624,0.0012957834453177553,67.33067078003225,66.31849660050862
2023-08-30,67.7020360774799,5444.445190512169,0.0004838267232944142,67.98588517028062,66.54842497734951
2023-08-31,67.7404029876316,2644.855546020464,0.000555007525966306,68.53151516802785,67.3488311916813
2023-09-01,67.24344225026452,1777.310270578819,0.00019874448768137396,68.39235543920206,67.07444478203662
2023-09-02,67.32777923649287,5288.021331194061,0.0007970857055619094,67.35644054160767,66.05178617185075
2023-09-03,68.2933965182718,2698.1251197174297,0.0023967040113140247,69.27810574071137,67.92904926411754
2023-09-04,69.06958654358513,2015.0897027750361,0.0015705276559487488,69.36175887114901,68.53263864348742
2023-09-05,67.7143204880078,2252.8554879346952,0.001507266315662558,68.56718530929503,67.19459849514793
2023-09-06,70.05006038741308,2242.8787138433313,0.0009912007876158933,70.5591749674801,69.8127403300903
2023-09-07,69.07146426434612,2217.451353373736,0.0015207852297534196,69.14820571257023,68.3426761977297
2023-09-08,71.47636448060561,2194.225298754129,0.0008333383791007456,72.13895020682386,71.12961631779086
2023-09-09,70.52505144365634,5274.313611851592,0.0007105400998658832,70.53307529903724,70.18945939966802
2023-09-10,70.87257747269963,2988.528083405834,0.001409937879874576,71.42026502933373,70.73691452006163
2023-09-11,68.13935099985704,2975.2653027814144,0.0005321045055799571,68.37608551181908,67.77907096578808
2023-09-12,67.82274708987052,2326.422969873777,0.0005075965899010272,68.05660337108839,67.1111750346568
2023-09-13,66.78535093178945,8018.85269176783,0.0012705674615981282,67.47091638530833,66.68589198470633
2023-09-14,68.02642138944881,2301.946698776008,0.0016615999586801122,68.04972662675668,67.84425674175824
2023-09-15,67.5932886118367,2501.2368995509505,0.0009317767529335053,67.8356747728808,67.41745581647844
2023-09-16,67.47423658701737,1423.491416264873,0.0016644777538604497,68.25910228618555,66.35216102593807
2023-09-17,65.66138497212715,1329.2283364832238,-0.00016158467553419866,66.2865311967798,65.5527183667987
2023-09-18,65.81240899095306,2726.905070758639,0.0012136115882434822,67.3253829921103,65.05915084603767
2023-09-19,65.62070387173412,3897.00439675875,0.0003025249979748064,66.02019990001976,64.54291248215148
2023-09-20,65.68995442053436,4328.354129476771,0.000694828902223154,66.1477029291446,64.81921282623586
2023-09-21,64.71291101169172,3085.5594259177105,0.00023578001686127572,65.43164677836627,63.86320858855228
2023-09-22,64.32816062769933,1697.0609252493875,0.001418116382037348,64.96770967407294,64.2590927383501
2023-09-23,63.633377676248514,1741.450962670969,0.0016274535783272152,64.50181824186038,61.84927309051546
2023-09-24,64.39788326712494,4219.392677751361,0.00048770990508816177,64.47666280488288,64.25947314314286
2023-09-25,64.17442809277625,2369.966508493877,0.0018648534994109942,65.40131689471357,63.751552130825814
2023-09-26,63.958719557946395,2694.080164382236,0.0010535907429332298,63.97041579141246,62.90479012514751
2023-09-27,64.85000093720986,2978.255272177485,0.0005417557801599669,65.02075761445336,64.43318539152905
2023-09-28,62.88801319714496,2467.384349397763,0.001295572011810306,63.66655819125785,62.756655851342714
2023-09-29,64.21763698592389,11649.11708426895,0.0013445639778654366,64.98158971892654,64.03638105147064
2023-09-30,63.70889121126923,6046.170586783836,0.0013609153842598677,63.73434804831026,63.13470484374968
2023-10-01,62.8755780342075,6015.060075783635,0.0014836622985413001,63.241562622881276,62.593550385141356
2023-10-02,60.61905757523424,995.802386194351,0.00051651989786834,61.15064672994275,59.06557814026402
2023-10-03,60.96523740259775,4784.960951590815,0.0012350361793460097,61.5824040188173,60.777312105751825
2023-10-04,60.73020422054578,3001.6894711309906,-7.504172873638989e-06,62.08038786323296,60.695673206560734
2023-10-05,60.84247775042846,3580.850877532359,-0.0002369829342567201,61.146330719924634,60.60896557381565
2023-10-06,61.5948300094213,3390.835941873356,0.0004715024119459129,61.95972175710701,61.34851327749655
2023-10-07,63.85252766263437,2381.960293336627,0.0011646880902301763,64.3913525296938,63.19570862455818
2023-10-08,63.773713137426725,1933.1076345892106,0.0013595536484491883,64.6996017860338,62.567358265891706
2023-10-09,63.99528257774687,1826.496099747868,0.0015528860794712688,64.38159159900097,63.667407290501934
2023-10-10,63.313120624219664,2674.4278874255347,0.0004306965442948289,63.513311010683815,62.74013839637845
2023-10-11,62.27231607239682,2330.936927067041,0.0013030405942795213,63.07689388491572,61.8678565569669
2023-10-12,62.31414625403199,2547.6222713217558,8.540364869300985e-05,62.654147173778604,61.920249398428844
2023-10-13,61.71607897825952,2832.836818414278,0.0006631850439670719,61.86342676638521,60.906007877713265
2023-10-14,61.71012923771559,3540.5520909616157,0.0009179141132868473,61.8112325310883,61.49076070135585
2023-10-15,62.91316222117398,1141.84450422628,0.0006261383159554412,63.09470131114045,62.19901636589439
2023-10-16,62.97407525664972,6308.508785999379,0.0005584240493592303,63.55636644471079,62.95915918465657
2023-10-17,64.4052546075138,4618.385503454169,0.0011393758725538256,65.84423760620642,64.17280565435057
2023-10-18,66.60291656198577,1842.1718668084698,0.0014772595141954773,67.37779206234059,66.51099243061984
2023-10-19,66.91582382748774,2952.414986916098,0.0008051064239266526,67.31944030318722,66.73248480186176
2023-10-20,69.46826556206454,5705.24432871735,0.0004157642349758878,69.63071351871058,69.07864700782103
2023-10-21,69.54269899471673,649.1683680003341,0.0007867263934548432,69.89627089851521,68.98132391236837
2023-10-22,65.11779481574908,8563.399755771416,0.001494794800851517,65.6613651359932,64.92632260362723
2023-10-23,64.4673181350317,3701.2092752026288,0.0012991067325511991,65.5051062565536,64.25424760559636
2023-10-24,62.15733599624412,3819.6492295556413,0.0004062507154556325,62.213888603103165,61.4360213150032
2023-10-25,62.32004519792886,3042.777185027518,0.0002795983466669327,62.82837022268335,61.70128548850211
2023-10-26,61.91701927901708,6577.485023200024,0.001070403846110004,62.79190498839602,60.71312680578302
2023-10-27,63.046099700002245,4145.482184094241,0.0011818781749936271,63.58045767422507,62.865192678109786
2023-10-28,64.53855960877401,1997.3851929092705,0.001618178269892679,65.13926974016067,64.1594955237207
2023-10-29,65.75365664089632,4844.1634475779565,0.0011266352312562624,65.88515983764653,64.99329320102835
2023-10-30,65.32468117824575,5079.871838211731,0.0016033347908681111,65.53874199196413,64.89369910175263
2023-10-31,65.87212965778336,6390.088430490695,0.0013375229310490044,66.60722951461541,65.79013294991101
2023-11-01,63.827395623372354,2472.5842896969198,0.0022377602864759706,64.34698340582119,63.33639377601047
2023-11-02,62.22902201691342,3104.166718114982,0.0006815681642197653,62.69827026424792,62.214928753407364
2023-11-03,64.65644293684257,1086.373245148944,0.0005866436507805121,65.06585148859577,64.40173814163653
2023-11-04,64.23023598429072,4905.56920584051,0.001249204755445195,64.83155413235546,63.02736302923796
2023-11-05,67.48513027479223,8083.319775536601,0.0010280641160938398,68.06522703379315,66.52588975165985
2023-11-06,67.07177297181349,1583.1600447017347,0.000146474902514206,67.90789712743208,65.96079358859001
2023-11-07,68.62741221436171,2862.774702922922,-0.00021591540465481195,69.7310941321672,67.04987911783388
2023-11-08,69.25703100882954,1988.6428034107107,0.0008364298356215503,69.60636122167,69.22984695605949
2023-11-09,67.45392816827072,4094.1675572587014,0.002157941977695388,68.1915793370867,66.83145276918351
2023-11-10,67.71541064058945,734.4636094888386,0.000550704073548288,68.39254024871015,67.65342028354864
2023-11-11,69.23036730703326,2472.9377217702036,0.0011149361940489665,69.3071041524636,68.8655982185085
2023-11-12,68.7099664456151,2330.511770171087,0.0012210313848127804,69.72904694075093,68.15429168997332
2023-11-13,68.74239866246835,2630.3390914225747,0.0007889771699037262,68.85936584389725,67.42064837795321
2023-11-14,66.73399557095179,1075.651761593113,0.0016617790381280389,67.79753923133305,66.58939963292326
2023-11-15,69.13254913003438,2216.533170014421,0.0016188948959295563,70.17120771772198,68.8459816973219
2023-11-16,66.533990016583,2447.5177131170835,0.0006302891705659592,67.48697735929692,66.5261925410818
2023-11-17,66.97273829587441,1864.8473632960345,0.0013664914913390437,67.64494529399991,66.81608124190882
2023-11-18,66.48065903548209,2433.1129842326113,0.001417426212010797,66.6783447999121,65.92042415604418
2023-11-19,64.56814661784435,2021.5504113549418,0.0019191183601052339,65.44057034313485,64.25939094190402
2023-11-20,63.81247733804195,2458.281132932466,0.0016815241300622782,63.93064862952182,63.796457249735354
2023-11-21,63.26564284142992,1940.1913204616721,0.0013320263008912382,63.55768707435741,62.80844838930412
2023-11-22,64.34479884310605,2925.895067450936,0.0011072802849779637,64.86571446123558,63.62069463233936
2023-11-23,65.82927580505792,3208.4336050828924,0.0010701126999254863,65.91179022024629,65.24928345314979
2023-11-24,66.94481980252792,5454.374171463226,0.0009379145344673821,67.34410699646475,66.18858060335305
2023-11-25,65.97883897924035,4090.610946679262,0.0012924431487096077,66.32254914165179,65.90528001392356
2023-11-26,64.05997640114204,3139.094400592724,-7.222191369350207e-05,64.83803011538215,63.59624993293852
2023-11-27,65.15534538678058,4602.034724938112,0.0011504427888584569,65.26622452865782,64.99472111914476
2023-11-28,64.93867430316494,2264.484729075433,0.001204250199319417,65.74437378878352,64.15124988632513
2023-11-29,63.404076256534005,2057.9291521661385,-0.00017880500132834432,63.5310749053766,63.25127781961853
2023-11-30,63.25511482626407,2102.4761676069525,0.0013370267593640149,63.46353410564021,62.9381919587144
2023-12-01,62.807893865910444,5193.732955747733,0.00100006554701266,63.47844144997007,62.23706518984161
2023-12-02,62.73509324598998,4900.108972302097,0.0007622413442338825,62.90161911076493,61.86083405913204
2023-12-03,61.61941313047645,3462.5724893138968,0.0009706540879822753,62.42886188576973,60.47119644180003
2023-12-04,62.462692339146244,2785.520898485881,0.0018007737911739422,62.97728788137867,62.45820735885167
2023-12-05,61.86757146328035,3228.6531783274118,0.0010536059891143644,62.42659455160186,61.6454837244726
2023-12-06,61.92800758068978,1514.252451082867,0.0008516055311120559,63.401695106459954,61.44188844350294
2023-12-07,59.74836554333247,5810.220970955523,0.00015870955569041755,60.495691036696655,59.056611812715055
2023-12-08,58.698399206494756,1595.142352578708,0.0008434041422744753,59.083344027787874,58.663279815383795
2023-12-09,60.33528682681244,2894.7086040229055,0.0018040741579895435,61.262330881702184,60.2000490854784
2023-12-10,59.804709991789416,2863.4207547991423,0.0015399186101630674,60.4096596860764,59.553727325650826
2023-12-11,59.29648915449347,1848.3605356944029,0.0014392641717782947,59.69972440532419,58.3361493323997
2023-12-12,60.47939821425009,2496.9174852859574,0.0006834898594946357,61.17636447798014,60.24380355285908
2023-12-13,60.47459346180341,3952.1872966842193,0.0012956342493415428,61.072071643891434,59.999131786660264
2023-12-14,59.70035172615721,4296.002977626581,0.0014406308901182266,60.26418671140436,58.65895118457723
2023-12-15,57.81950338513164,1961.808460591438,0.0012991829325563347,57.98049439249399,57.54146499417177
2023-12-16,57.61673125185192,3572.80106960825,0.00044564036879501717,57.731934054256605,57.48302949141569
2023-12-17,55.46374474648509,4276.276135919338,0.0014838190466287657,55.845745852742624,55.00110174066509
2023-12-18,55.20349848940004,2723.475534970614,0.0007403608266205208,55.50936489833414,54.859270006581305
2023-12-19,56.11637021095181,2551.3058194263276,0.0004972511131474231,56.30410206778119,56.0991079036065
2023-12-20,58.23769874905437,4364.407061708636,0.0006322214381230874,58.28045167108154,58.208941138605574
2023-12-21,57.874851455818956,6043.957644657529,0.00027976918173402857,58.15607112537572,57.82349726457607
2023-12-22,59.937163679644044,4494.181501924185,0.000980633625444543,60.4661551874183,59.33268789020803
2023-12-23,59.50634690838217,3010.024496537784,0.001031014183251655,59.59677477534905,58.79614770060113
2023-12-24,60.923373520808624,5181.759539465066,0.0016016122663963176,61.556482268713886,60.07364677466884
2023-12-25,59.01578218860192,2722.385078503202,0.0012890289335776059,59.44767640078082,58.64707539289113
2023-12-26,59.7081290795045,4986.372577569277,0.0007380015449946445,60.634890566195054,58.83041074706651
2023-12-27,61.136053739726314,2228.711514098127,0.0008701312690524706,62.27092662186999,60.73669503808655
2023-12-28,59.76633269025078,1236.3573334304915,0.0008560897830719389,59.87563540320951,58.91068271539938
2023-12-29,61.64275109359245,3283.731325475958,0.000550158704231681,62.0610509733777,61.21200513299118
2023-12-30,61.78930150982542,1551.720992393188,0.0006560606037515472,61.87309486476531,61.78560841801433
2023-12-31,61.67738481525997,1632.92498741353,9.261706939374858e-05,63.02235081390174,61.49067762448285
2024-01-01,64.62257405779889,4805.531881289947,0.00019105763604233795,64.68268683624947,64.56311862029139
2024-01-02,62.70215898915049,4668.784298200406,0.001165531317992854,63.25703157613978,62.510175627474055
2024-01-03,60.0396921525546,2020.49290447729,0.0012928336890319038,60.65049825685743,60.01544317086643
2024-01-04,59.30026012631071,6041.035648466813,0.0009700754874052036,59.62142378244423,59.163029223025774
2024-01-05,59.227420848814525,2750.100050297895,0.0013659497562342625,59.992578525332206,58.920420229162715
2024-01-06,60.41527362601726,4270.292266328654,0.0004158416712355113,61.09064489725641,59.49899770173489
2024-01-07,62.351906660862014,2835.0317918338314,0.0011731013015853578,62.760601286475634,62.02249555943027
2024-01-08,60.476902657025434,2573.032472672113,0.0009412374099648836,60.76063442262384,59.73282243547795
2024-01-09,59.63608083139058,3336.2414073701607,0.000558956924487441,59.72885207451939,59.382028436939464
2024-01-10,59.1216826133623,3391.910725466329,0.00027367590065244024,59.5515883408377,58.14718664632651
2024-01-11,58.98780643802573,4829.8498132571385,0.0013693674646790034,60.1716400312953,58.273489281373564
2024-01-12,58.58994855943994,5441.002620719153,0.0012145132671305201,58.976419842786164,58.40751568358035
2024-01-13,57.61454191619409,1699.2255861926167,0.0015863595553339696,58.50411479490156,57.131315899781285
2024-01-14,59.22388236537785,8655.158719486175,0.0008040105245552367,59.30510462583086,58.79958510223653
2024-01-15,58.73849015765275,1371.3187654178682,0.0011256916310095678,58.85589017044576,58.33190389389995
2024-01-16,58.79655451653368,1983.8747471296842,0.0011116731440210183,59.34756901796672,58.35577262750086
2024-01-17,56.02096467446105,4169.800832473592,0.0012694501485268504,56.51144164535754,55.97784007190889
2024-01-18,56.35668591717534,4443.360840582995,0.001351369150817588,56.46313770343295,55.43666629976704
2024-01-19,56.726788442889784,7042.225661653113,0.0011493718269911274,57.564365862633956,56.59664365663928
2024-01-20,57.66675039665488,2452.4313056414894,0.00031596236510294867,57.80816841187777,57.43666803454086
2024-01-21,57.213664215412265,4902.8282328073665,-6.969043172716234e-05,58.13006239167375,57.07643632659218
2024-01-22,56.414402970038914,2523.6270058887567,0.0015360300289219597,56.917777284113996,56.00799571422787
2024-01-23,56.39872375324288,3774.9556803939477,0.0004872031525636998,56.88166638496616,55.590676002378885
2024-01-24,56.80191888479506,3241.310300692095,0.000491495932981519,57.41952606073704,56.72042543271208
2024-01-25,58.17473805937087,3305.9182007145737,0.0007363694607002789,58.3210633207596,57.3586238063059
2024-01-26,57.70422203982226,2746.6802992489506,0.0019307630633611057,58.27213570818483,57.269495200872015
2024-01-27,56.55733127424247,3633.0407559947917,0.00027681297382811155,56.874223179608535,56.218022020315225
2024-01-28,57.759459554975614,3501.0395701996517,0.0007644451730177198,58.16905365612265,57.515747291945566
2024-01-29,57.22753932680441,3330.6339195596047,0.0021725826910792634,57.600089269334816,56.485810445016824
2024-01-30,57.812280863772,2986.594447431546,0.001581335733691828,58.162200210281874,57.580810835927736
2024-01-31,58.2725607403793,8213.943132620569,0.0008530552031622205,59.02633271031156,58.07301725874231
2024-02-01,58.944476423750025,1715.0968829532326,0.0019480744621458088,59.92945529766689,58.5107830038179
2024-02-02,58.34539996709371,3880.4627993673485,0.0008819066939069316,58.95185450769299,57.92744217489694
2024-02-03,59.12634177942251,1477.883164232044,-6.643363821649492e-05,60.082117828052944,58.982565895307
2024-02-04,59.82610339695778,5772.96038855041,0.0007475225178280201,60.28904430123687,59.55617225904823
2024-02-05,61.771817777935446,5877.571760873772,0.0002312798029532341,61.9606463294573,61.63072131897118
2024-02-06,59.93159641516551,2016.39220201615,0.001348457495632889,60.37575562080617,59.54098381391519
2024-02-07,60.19888014351883,2715.1361600412156,0.0014809762923723927,60.83582839024041,59.19326620060311
2024-02-08,63.67007395990235,4180.037751376247,0.0009422182226286314,63.77698669283988,63.152507403412265
2024-02-09,66.67666410960504,2345.002734764552,0.001047744562097187,66.90847874198943,65.40146278524092
2024-02-10,66.47091520970575,2250.6829734140524,0.00034026593888811143,66.48723728485443,65.8104160683342
2024-02-11,67.54894719459782,1617.3064298120423,0.0010206293668158773,69.37761216516375,67.36178259281252
2024-02-12,66.51640498948659,6048.460455103239,0.0005467306893824453,67.45794103922617,65.78696894456186
2024-02-13,67.60913790434576,2596.668837994357,0.0007084494937078314,68.75776297678735,66.90822258701803
2024-02-14,67.04753415842592,6715.743689132041,0.001858481439028618,67.28299836309625,66.90209290771966
2024-02-15,67.2026652585215,2588.1165261207343,0.0015872990408140374,67.93590695527682,66.45711598354734
2024-02-16,69.33720279026315,2512.0347865837293,0.0010430545979616074,69.70306396451286,68.23731955613287
2024-02-17,69.41883410829837,3425.464192493264,0.0009950378269982494,70.11211941405428,68.87758426530361
2024-02-18,68.49861731073877,2005.7327017650161,0.001398857236209959,69.25391011044668,67.71942090615043
2024-02-19,68.3268210640728,4903.123722104844,0.0009185397363986445,68.78843207431623,67.3097557500223
2024-02-20,66.76796383579187,3350.8993255054497,0.0006371340162797263,66.96155270737619,66.17174878709226
2024-02-21,64.9982497998203,8556.777947538543,0.0007145412664265073,65.553687865246,64.67043965862824
2024-02-22,63.83259019015276,3561.785796055375,0.000782332386239678,63.85585637850153,63.690267202562474
2024-02-23,63.64826872702699,2314.058761368028,0.0010517939958678054,64.60574013369762,63.154191089975626
2024-02-24,64.95941817607294,2116.8942856599115,0.000680554849980982,65.67850497404152,64.53537468291222
2024-02-25,62.6058092163019,4737.40841748642,-0.00028571585993005097,63.59462704346492,61.918694438710624
2024-02-26,63.17648900742361,2579.5892113372834,0.0006815031318998753,63.31996537256649,61.37367227324964
2024-02-27,63.56249010834978,1786.0224590078542,0.0016722987502464201,64.10475705710347,62.69625052498888
2024-02-28,62.825730435574656,5839.554744288811,0.0012469804925410366,63.50551612750338,61.53986629169173
2024-02-29,65.60552686462593,3854.124913218777,0.0010888888133565354,65.65870859295703,65.03742926653794
2024-03-01,64.77702737428375,1778.098221438107,0.0008907984112608456,65.0632328362689,64.72404606490892
2024-03-02,67.62854888495231,2888.2584875447906,0.00011210643372889216,68.69149859202967,66.84417961221233
2024-03-03,64.60403127674714,1929.361260845658,0.0005008154934300888,65.08475350656546,63.77153265955342
2024-03-04,62.36825308672715,2262.0332771169287,0.0019725277438909098,62.5849651548739,62.13989242400871
2024-03-05,61.057179571081264,2071.7285998064262,0.001136795408421715,62.26573538297364,60.84994851590633
2024-03-06,58.73439406630303,4729.10602207395,0.0008841669100218148,59.163718421823305,58.362327312684954
2024-03-07,58.395288209255746,2830.1280490047216,0.0007746475406260158,58.609604064647854,56.91047567875999
2024-03-08,58.71960186985259,1071.5991567009928,0.0007959075731813124,60.55741873374984,58.56775435952439
2024-03-09,57.186867296101326,4013.479285404564,0.0005311631025107923,57.226446085130824,56.66423456505698
2024-03-10,58.55162992757319,3049.712733533641,0.0008744954157958115,59.32401159763729,58.019670180087104
2024-03-11,57.31018518829411,4213.548696090242,0.0006122445240384733,57.812936049352096,56.66062655492439
2024-03-12,55.691881691817045,2953.6839963474854,0.001428073591060956,56.27557036882087,55.0474876421065
2024-03-13,54.56827356986679,2057.87559441844,0.0005459151335986597,55.014022263210336,53.96540849562465
2024-03-14,54.059312296083505,1772.0974588601505,0.0011286371197641962,54.35230733728665,53.29761786780453
2024-03-15,54.568465298171475,2038.4101321298565,0.00038290079432297625,54.833403461379184,54.35970678131355
2024-03-16,54.77370182068027,2181.192999114755,0.0001084513587377336,55.36889749547299,54.4036158749895
2024-03-17,54.7300766183691,7414.834908418742,0.00027812200592157205,55.54709759709574,53.97312256072942
2024-03-18,55.03722234559331,1817.5872791002937,0.00133884866262268,55.960006618602435,54.8278125389926
2024-03-19,54.71153654475914,3746.767848206108,0.00032017819006456615,55.00502693909867,54.194535891409416
2024-03-20,54.270194240437476,5418.7549719776725,0.0010770368112243214,54.94335692834547,53.938430926851005
2024-03-21,53.513733561785074,8471.523042196555,0.0009052294264726815,53.61859128137699,52.78854732425083
2024-03-22,52.58076881420972,7114.445728181734,0.0012944918103167157,52.60833611580053,52.5606287596801
2024-03-23,51.8147213162455,7373.069117168822,0.0014629652925591701,52.165279339323874,51.80509825635743
2024-03-24,50.38334411721773,1354.9895239343791,0.0008480739175549051,50.72408652203647,49.76618988153069
2024-03-25,51.06474109958332,2080.8902861959295,0.0010936842908399658,51.46260524693724,50.00212935164614
2024-03-26,51.58214843137938,4394.014747470922,0.000998412575823747,51.68502256897697,50.73310736119826
2024-03-27,51.44180636579251,8505.152067895977,0.000996140928014816,51.66671113922006,50.02683930792472
2024-03-28,51.513078073924454,2134.2850060825367,0.0010499887751193474,52.167134018384566,51.45317100511642
2024-03-29,51.89076746934808,2317.2427410062255,0.000792790196914897,52.57100265388256,50.927071061613105
2024-03-30,52.91394973392522,799.48256755587,0.0011785317499776534,52.98911888436288,52.697711057904876
2024-03-31,55.413426755941344,5310.379565369156,0.0019131863629342795,55.69962147106074,55.2690214063084
2024-04-01,55.036086063679925,2029.1035274688566,0.0011740753314250934,55.646800117937204,54.54373393149927
2024-04-02,54.94191965560892,4115.322607796342,0.0011777983999292612,55.432528567709085,53.850430713053825
2024-04-03,53.48149722843832,2676.026233629915,0.0011641034435677562,54.00047207668203,53.01378599406932
2024-04-04,53.26189962800528,1870.6828091802402,0.0015237762330461654,54.231572643758625,53.11720488139789
2024-04-05,52.80542092844392,3544.40907023769,0.0014180685257744322,53.0175344687859,52.71936925861693
2024-04-06,54.894754218693805,1342.7636350966745,0.001134751320893987,55.24861397041563,54.30138917097661
2024-04-07,55.73492480108045,3117.299391375093,0.0009056691597417702,56.146189119803886,55.44089171957299
2024-04-08,53.817753139647536,1453.103747709956,0.0011128277832793043,53.83623972256232,53.673707650040896
2024-04-09,53.59717391471589,5629.003785768199,0.0015837219798996971,54.001763270696785,52.48912477315967
2024-04-10,53.18292397577083,4650.0306495433815,0.0008234011606864538,53.54426358843893,52.408232326028156
2024-04-11,54.66315479510986,3918.306128366378,0.0012564035432924756,54.86563226246546,54.337162412637085
2024-04-12,55.78637068500609,3214.5593618670127,0.0011376847639678995,55.92871851776066,55.72067720943664
2024-04-13,55.41496991936344,1305.9118970762995,0.0006142863055422993,55.510857634178194,55.26508400345538
2024-04-14,56.17237744703927,1876.652281121882,0.0007502558904193453,56.33389014549661,55.4856557062901
2024-04-15,56.463321579494796,2069.7571450488563,0.0014167628378285778,56.99709811104835,56.41183421200279
2024-04-16,56.66972482102762,5800.0671896914455,0.0015316210164963617,57.05910310206559,56.478127240691784
2024-04-17,57.31884325093053,2438.6800204985675,0.0009639885156110198,58.68931255690404,56.926389245633025
2024-04-18,57.502953208023044,4730.4288108316605,0.0013145804170224904,58.508459626397084,56.925123561170146
2024-04-19,57.78206837373181,2481.876551781626,0.0002529583553957473,58.38626925065484,57.60443422431902
2024-04-20,57.27650348577047,2777.262696449224,0.0009334269082510419,58.42997481968904,57.17672473049167
2024-04-21,55.89922157210706,7307.467050561026,0.0011971952848181856,56.17326895011416,55.7140605855357
2024-04-22,55.67700964089129,5189.887420491959,0.001391407692979258,55.988252911970555,55.38841447308466
2024-04-23,55.72127663201787,1134.3066478336957,0.0003264405701338996,56.369232051797084,55.55920381205293
2024-04-24,54.3237005786308,2753.2970770504276,0.0009268244196741954,54.66960402620892,54.252873472050844
2024-04-25,53.44920884540706,2077.0410955272077,0.0010135886478145042,53.56609359782216,53.34253837427465
2024-04-26,53.42319077499671,4867.717060072537,0.0014135061272092522,54.15891832329088,52.79958169735798
2024-04-27,53.072940123570675,4370.3767474116,0.0008085766445846364,53.804294496653355,51.782185482823905
2024-04-28,54.7135547311027,3643.3419213436973,0.0011296973014155586,54.99211335878075,54.31422381237956
2024-04-29,56.15764429081872,2821.2662363572704,0.0008362879376303966,56.96179441969024,55.260992489124426
2024-04-30,54.723182708281726,1200.1721689701926,0.0009205969250922895,55.42326557454392,53.35467842793672
2024-05-01,54.5258106989016,3836.364898629941,0.0004403854896691199,54.82279523264596,54.00833009233509
2024-05-02,52.55675346928894,4320.304181262318,0.0010266262295103245,53.0276917808546,52.08423679983455
2024-05-03,53.47695193524622,5509.597052514511,0.0013898572974846742,53.94547743678408,53.372832694192184
2024-05-04,52.36536126373378,3704.8736276233944,0.0006044183149876777,53.903357889854526,51.98693649869852
2024-05-05,53.559021964730704,1539.2086797960403,0.0008754825913025522,53.701886477707056,52.91953747806983
2024-05-06,53.285176452260764,2184.3290698940214,0.0008251985859710431,53.306659094456585,53.18425438594655
2024-05-07,50.83622564531569,2672.9275244315213,0.0005665790708092755,51.69168661552929,49.83385496708161
2024-05-08,50.68844411495272,1221.9178280521746,0.0003295488615116983,51.30391595734325,50.25540674851579
2024-05-09,50.65595607530295,1218.4294803658,-0.0001948301836877252,50.9274206258133,50.14906533796573
2024-05-10,50.81069813554341,3126.250573105286,0.0002819660537658785,51.456484028399245,50.05714597511934
2024-05-11,49.93620116274783,4338.105667631882,0.0011675110354104166,51.0451737302668,49.86084968186892
2024-05-12,50.032821960254026,2503.9529049421867,0.0017740022740112694,50.03579223863228,49.353163897899954
2024-05-13,50.89403945456695,2095.6116031365427,0.0009757078252157549,51.796092102987465,50.84053705977472
2024-05-14,49.880688031836,3577.5150998132503,0.000726630718385565,50.481078571892574,49.64028877849353
2024-05-15,50.638724831766055,9997.856097340822,0.0012094021419421699,50.94711100620519,50.27882271286095
2024-05-16,51.187751085804415,4074.220791842678,0.0018021259244075521,51.44227034644121,50.47196629907453
2024-05-17,50.68000006043154,4192.962994298415,0.0013682453421621395,51.379831147215754,50.50580004455717
2024-05-18,49.081626112960954,2837.970476554341,0.001007811119026653,49.83868231554276,48.52839433052948
2024-05-19,48.557642214477006,1801.7075910636934,0.0017196020940596069,48.804241712738126,48.43445078715496
2024-05-20,47.23282374925448,3587.430902642764,0.0005183070227985651,47.28591744307096,46.75929701147483
2024-05-21,46.91378299014738,4267.93319726842,0.0010654094251704603,47.718415207948304,46.630717921294845
2024-05-22,46.90584991036308,4501.959697259438,2.0095567257418043e-05,47.42559339634407,46.60842949665378
2024-05-23,47.60102208454874,2689.473188665812,0.0012367026027104442,48.31603082560641,47.407329069012526
2024-05-24,47.82293138724164,8109.537850058893,0.0004509966992219549,48.22381811421681,46.64777322019762
2024-05-25,47.212761507827075,1132.0887838241736,0.0014020844818883665,47.37214509456895,47.20956080587565
2024-05-26,47.60174030930383,1607.2093517795658,0.0005229421666825467,47.77747323075683,47.19443755182941
2024-05-27,46.38516049044521,700.9053073361529,0.0017061445468228014,46.81031632878571,46.113839811091616
2024-05-28,46.20430034119225,1971.3231656384892,0.001977874949226884,46.74444787479897,46.018708820046115
2024-05-29,47.84692019417069,2522.9479602317574,0.0011332719127615531,48.614045279005424,47.766556959176214
2024-05-30,47.705676548951246,1304.4591082043783,0.0013359423523791577,48.44409128520816,47.21621725399689
2024-05-31,47.632214821944515,1311.5224164349959,0.0008041541007458928,47.84032890504763,47.58442149913584
2024-06-01,46.28766807417173,4439.193124410196,0.0011359695298161566,46.78527607073223,45.53957040518085
2024-06-02,46.84792006773153,2534.035495584182,0.0019232489646005923,46.9430961693287,46.65948331996328
2024-06-03,46.97532671706155,1897.0502566559187,0.0010439586940408,47.56918245681977,46.46900602419058
2024-06-04,45.76237013875582,2653.4274912183287,0.0013554572539935927,45.95374594438066,45.52314559839711
2024-06-05,45.90386744345671,2711.299517491171,0.0009199112969497042,46.289290099255275,45.57413729399817
2024-06-06,47.45744568268527,3952.553542158602,0.0011498678680013313,48.165291890303884,47.13300934155688
2024-06-07,45.77409758183554,2930.8647043070673,0.0014066578677658832,45.86026241006316,45.4202348432733
2024-06-08,46.97182043533948,2940.6115375877152,0.0005643876630002153,47.5776701619527,46.81738679933381
2024-06-09,46.8624760854823,3673.07616561159,0.0018558168112216536,46.921421056449056,46.557410120340215
2024-06-10,44.72266218622435,4070.303176315634,0.0013017701551720508,45.09835676796514,44.52201206813483
2024-06-11,43.53740855192271,4574.7009475450905,-0.0001778941001772806,43.80075686970974,43.320697379737865
2024-06-12,44.10414639745402,986.4040440185958,0.00167335019749208,44.32279387507503,43.65771280680477
2024-06-13,43.10907966703512,1686.9097653074355,0.0008967594278757963,43.46517364524447,43.012456962522805
2024-06-14,43.01151056707935,5463.636816262867,0.0010754543060634936,43.732208992223484,42.822292648948334
2024-06-15,42.68478272204569,3670.946508497041,0.0009178705029045733,42.88977924998105,42.41435691776978
2024-06-16,42.44559963772568,3229.3194552962245,0.00048465747621678247,42.954036415612734,42.146044911817356
2024-06-17,44.28717762069731,3689.723315945661,0.0009634400829725516,44.47944327577294,43.80305436846455
2024-06-18,43.19405613900253,1430.4455992729754,0.0005525546208685079,43.907187952332585,42.51535924032827
2024-06-19,42.915291712285395,6163.168570619041,0.00042031377500991623,43.435700067152354,42.723520194680724
2024-06-20,42.027300254831616,3874.128108854175,0.0006301941522695176,42.0791896324919,41.98013715619876
2024-06-21,41.70925623109013,3260.5316412960083,0.0009975254887532202,42.192063882872006,41.26978257188627
2024-06-22,43.03723797837847,3017.4990529114216,0.0017127427105513115,43.20263550988216,42.635933117402814
2024-06-23,44.04316017162585,1091.8728034236208,0.0011143973488458114,44.184333784254505,43.764402675608316
2024-06-24,43.42036777900737,3314.436401401933,0.0020626492714208968,43.565464439780165,43.38371300140134
2024-06-25,42.67578302537125,1449.6073496779866,0.00022403397404556892,43.1786989891052,42.49546239082624
2024-06-26,43.133905148875826,2667.9925886387787,0.0009197924058168787,43.30397129919099,42.87870248471207
2024-06-27,43.37344805544196,7634.974444214675,0.0004445695528489574,44.12743435386665,43.13543609646395
2024-06-28,42.72399083329273,2170.4571149566623,0.001212247863622287,43.04369944383349,42.274825572978166
2024-06-29,43.472823557903176,2167.8205097469518,0.00033551890091521996,43.520061543339935,43.155374125365256
2024-06-30,45.310830371116076,5298.545863612974,0.00045064660832781745,45.35405914739543,44.91391046729023
2024-07-01,45.04442564644774,1318.2763925690942,0.0010751360347183514,45.14990281688193,44.252115831681266
2024-07-02,43.97819547379061,2331.702311888546,0.0008702115995515462,44.923134656059084,43.74390325598165
2024-07-03,42.64568854086427,1462.9199688256367,0.0010481709536132554,42.81438518057952,42.03717953599725
2024-07-04,42.55813634914902,4397.84536159169,0.0017615143240264446,42.92196568055019,42.40579575167427
2024-07-05,43.180324940951785,5432.843528428,0.0008814615021911357,43.598047939086804,43.12256219547834
2024-07-06,44.72533298490515,5285.021417686419,0.0012445826214293446,45.096452995616545,43.99809201165148
2024-07-07,46.06782089911265,2860.3036001576415,0.0010888101389066776,46.16411401303179,45.7180765738132
2024-07-08,46.500721484162874,3635.4206612504618,0.0008773457641115016,47.59758133072222,46.37913467547436
2024-07-09,47.2249724229805,4332.705855710444,0.0009404264534363462,47.44051019540308,46.887894768944065
2024-07-10,47.54864039986085,1688.9367061571304,0.0006574182879114775,48.11386250035864,47.27979988507532
2024-07-11,45.60157048449242,4736.68241230698,0.0012699403057932445,46.40092317758149,45.18799893212788
2024-07-12,45.832731213325005,6325.236181688096,0.0013566911653067973,46.47682706055999,45.51479128945853
2024-07-13,46.45057353966073,2393.2884349960855,0.0005838855966160709,47.56497002809853,46.07942470849684
2024-07-14,46.79157147163152,2067.2840738380983,0.0003996939024477129,47.31563964131352,46.790384340697194
2024-07-15,47.37959413668808,2882.171617803845,0.002070806666807123,47.803346091572294,47.24917827510081
2024-07-16,47.36571818863054,2097.040748769221,0.0006325703009534864,47.36843073812836,47.26496212896737
2024-07-17,47.72225793387763,3742.9729503490885,0.0014702041711380928,48.037710448591646,47.507773108242915
2024-07-18,45.32326463740905,3751.6563890754464,0.0003879688765506268,45.56295313134872,44.74567543628701
2024-07-19,45.70079350489526,3142.6520546254947,0.001210263225416667,46.031619113397475,45.42619203779911
2024-07-20,43.8741092214727,1112.6496398967747,0.0004625673931332135,44.18291647157334,43.5003934739283
2024-07-21,44.62430562960547,2251.722176612724,0.0018569208572842154,44.91990385396181,44.381858768475674
2024-07-22,45.06908334415608,858.947027329632,0.0011127782766934646,45.1003440273675,44.852901062373206
2024-07-23,45.79612350093177,4081.509638168995,0.001087046714803261,45.86530962430035,44.906609442899814
2024-07-24,45.489220683129986,3410.821820392914,0.0004385773161482947,45.88196989153262,45.21573795765712
2024-07-25,46.13172205451752,4499.1181378093415,0.00044982070666427167,46.31494083620012,45.298386258131224
2024-07-26,47.08869953034068,6432.624201565057,-0.0003432970835117483,47.50223104723936,46.898013412785126
2024-07-27,45.74536544993751,1301.519548408085,0.0003522804036295345,46.44334919846666,45.15521660922655
2024-07-28,47.22332653923527,2508.6188728719276,0.0017303931918896285,48.35678698318503,46.24293455749438
2024-07-29,49.57288917761527,3342.381685883674,0.0008255152284438414,49.75612626494141,48.92400406520452
2024-07-30,50.76347133892415,4118.124877994318,0.0004915804054089717,51.50359339225955,50.68407642440719
2024-07-31,50.06390702835637,3665.2605549532104,0.0015480215241292527,50.264721397959626,49.690278722520276
2024-08-01,50.9169787599234,4730.128495987052,0.00036574194122936696,51.247872483040595,50.38855156999158
2024-08-02,49.818273603128084,1161.0617561685294,0.0008139332695331913,50.56150859906032,49.55782147518035
2024-08-03,51.27972264109578,5389.603428266384,0.0013984642129456714,51.31772612475264,50.38802636712153
2024-08-04,51.51410799782477,3754.1836104779054,0.001390663958076706,52.229305713849705,51.00898969932902
2024-08-05,51.59181502383863,4371.92493689611,0.0009471798620196141,51.64651396072953,51.28025416268793
2024-08-06,53.367962879198046,2296.101618405755,0.0012515865611258375,53.81348156927216,52.067594051854684
2024-08-07,55.56233265471124,2398.2411487983536,0.002368640599708666,56.0941557776565,55.231638210329926
2024-08-08,54.518764644100656,4309.461252514826,0.0008951649265902995,54.97056277371946,54.36793157431038
2024-08-09,53.93529958945017,4081.7694693010285,0.000845367891497407,54.439417834349086,52.94333112436435
2024-08-10,53.66120761760883,2299.726244276526,0.0008939313393515402,53.716475841323714,53.55436405862041
2024-08-11,53.762699901769174,5628.026019793277,0.0008972595764179645,54.640750613520986,53.546777238003926
2024-08-12,54.252233602170975,1586.451439655166,0.0013012427024803779,55.57698262423417,53.50914086042995
2024-08-13,53.78663200819918,2081.2496609950363,0.0015471431501615758,53.97822298340685,53.346213745640625
2024-08-14,51.90988977962658,1934.8759618865554,0.00032205984368493883,52.699031601650105,51.15733772419641
2024-08-15,53.18632341740535,3140.8095245532522,0.000695173462948941,53.66486328651934,52.39719177840168
2024-08-16,51.55220431938331,3348.975415515967,0.0008432568380096888,52.42049042489401,50.3342103431982
2024-08-17,52.059914459354864,2885.021396660226,0.001495519924746293,52.16428979181694,51.84282947385114
2024-08-18,53.22492225700608,4102.4857578884385,0.0010109141427872732,53.287655325808565,52.873599577426006
2024-08-19,54.07095685807556,5720.090985278475,0.0011563125341266076,54.18501280795115,54.05510841995939
2024-08-20,57.185986395223175,1729.7094670180036,0.0009945368391965268,57.82244308180658,56.80942332023421
2024-08-21,58.11600703705812,1802.2566591412897,0.0014205110330256286,58.765282113977236,57.79110339935257
2024-08-22,59.77380532733505,3811.394860655556,0.0016965238325979256,59.94065043514028,58.90022757013096
2024-08-23,60.83558750777643,6104.5641029243725,0.0014590925475451038,61.30363673474287,59.85469151723758
2024-08-24,60.760288968460976,4272.456737514647,0.0005109874777405518,61.12788228302613,59.54493231956571
2024-08-25,61.65018809730988,1309.2736449330598,0.002642875493526952,61.707594852679684,60.894567089672535
2024-08-26,60.7665257198574,1504.4695507760791,0.001402744441769225,61.182414134554264,60.17760607910664
2024-08-27,61.03557127977866,14047.27560865917,0.00011583913319719076,61.29500609300403,60.06814987341929
2024-08-28,59.881004299875215,2268.586345842165,0.0022159060819333604,60.63098474568476,59.08606373508705
2024-08-29,59.79087950893095,4856.274431230753,0.0012437186561959615,60.626453150417866,59.339503021831014
2024-08-30,61.669851208440065,3418.2359170627665,0.0007140920157408461,61.91548891541501,61.13860506171676
2024-08-31,59.94200329813321,7921.522638713011,0.0009595529593453675,60.342274780604676,58.692626233663304
2024-09-01,60.287653838260844,3768.5045024717792,0.0008704034649911366,60.51864154779901,60.06867980026064
2024-09-02,59.900783486515195,4059.8954561492137,0.0018821276557407394,60.363473403220105,59.7667107929362
2024-09-03,60.42439566126906,1048.074625248166,0.0018642988353088173,61.224491086816194,60.221049342422376
2024-09-04,61.588475462596016,1711.7907995919245,-6.984115613917013e-05,62.41992279742658,60.933487464082255
2024-09-05,61.74705728949621,1348.711410996859,0.0008997018136704881,62.101551311278904,61.477845709283784
2024-09-06,61.25364843309558,5624.232466557987,0.0008214074191644997,61.797611593066854,61.08227582835029
2024-09-07,61.55957688225641,8807.222862145654,0.0005460311500004064,61.968229075705615,61.325263693429775
2024-09-08,60.33669433655845,2247.758950385669,6.610508664011035e-05,60.56964834714162,59.203434283957876
2024-09-09,61.669614728335965,1611.0174026374136,0.0014419467189039207,61.94214557802571,61.27301787902599
2024-09-10,59.403184243928976,2144.3447218672254,0.0009716619945885618,60.40873187627644,59.03030547345253
2024-09-11,57.296752569497045,4876.468457769072,0.0005470060609689552,58.04944894669112,57.081920588949565
2024-09-12,58.62337552083796,1334.8538550899768,0.0009745789175586988,59.03430809192663,57.45960475320665
2024-09-13,59.379299476164235,4574.749838331027,0.0005126779955400486,59.59838483044414,59.28996646190174
2024-09-14,59.56554264929457,2317.8598660073994,0.0008886965496541125,60.01310254384568,58.99269550958418
2024-09-15,58.157836566406175,3101.603400551252,0.0010973532278571452,58.275739227017525,57.7494027920224
2024-09-16,57.491069418269866,4543.250079031779,0.0010659595843039134,58.19412725131221,57.411940901754484
2024-09-17,58.160295012143905,2406.211805284524,0.0009735841418046685,58.27857372697384,56.99437566094332
2024-09-18,58.76247762157366,4251.500805775967,0.0012334028837858455,59.483613866483715,58.54405790423244
2024-09-19,59.32979326676452,2417.2315209045464,0.0014082065263609565,60.257816797272625,58.46856528406768
2024-09-20,58.1708266952814,1852.9629590663299,0.0009272995451999884,58.473918588546375,57.79863296783968
2024-09-21,58.743966288048114,6165.607295145118,0.0005576183698643097,59.553304822291246,57.706411167690945
2024-09-22,58.59112984875019,1844.5449632041343,0.0005494580289719688,59.54432409885218,58.05355266563079
2024-09-23,58.57615904733156,2525.8094747020878,0.0013235508923084836,59.08230250205122,58.317775855862564
2024-09-24,57.51479351824005,1822.3677784623383,0.0013210929969759348,57.709853975594925,56.19485974434433
2024-09-25,57.03549254350965,5235.315498426941,0.0012448690816683158,57.62192111556325,56.65263223422412
2024-09-26,56.176251653402595,1953.2302461068896,0.0002392467723563754,56.428512881164906,56.11835499761722
2024-09-27,54.6732095530525,5287.3728715015495,0.00042322377469038305,54.81954818618393,53.975580280341305
2024-09-28,54.34027313601529,2514.136701348334,0.000977166027307766,54.40643586029386,54.04319917036863
2024-09-29,55.7707252852968,6823.567652185872,0.0007515084673850221,56.00368037425759,54.88404537282171
2024-09-30,55.007605274834134,3153.0737121667576,0.0003726169936447817,55.49146807768971,54.6778425295369
2024-10-01,54.68231470664775,3157.455696576572,0.0009562370578110743,55.855327212013,53.66667900979063
2024-10-02,53.294221795895055,3980.9952882532843,0.0011614761925468873,53.88518548154055,52.6478709912172
2024-10-03,53.498016012638104,2236.8450683012047,0.0015804582156645956,54.111872168507006,52.689623672963606
2024-10-04,54.227778831020444,3746.4343106142674,0.0007221638530582749,54.84598519451635,53.66789656934521
2024-10-05,55.49871409037009,2721.7287972231866,0.001312670356168912,56.32089512832868,55.113633393430064
2024-10-06,57.13740979823486,3541.1141943851067,0.0007478511298450038,57.50836529826129,57.091301847308586
2024-10-07,57.76827750204288,4165.2515659186265,0.0016039120192744417,58.05611852422377,57.57219778260731
2024-10-08,58.275595895287026,4047.165498205675,0.0009526433476632751,58.524649983466496,56.92895430374106
2024-10-09,57.746262091380714,4735.624423199799,0.0005436208039107581,57.979455870266996,57.55245270551603
2024-10-10,57.89901528375465,1233.441377137933,0.001133562517454686,58.046960311349075,56.74486150593919
2024-10-11,58.270980594634594,2343.8063832054677,0.0010096779044797748,58.82336977404076,57.970296315302086
2024-10-12,59.26762616865522,2341.1068047774097,0.001542620919760729,59.31280672967232,58.48210031417449
2024-10-13,57.46661973095924,2374.7140329337685,0.0006401710813133713,57.51332909522481,57.280325320021504
2024-10-14,59.79492224450986,3045.4559250984325,0.00024289420618626198,60.10298178443832,59.215311837462515
2024-10-15,59.019883713520294,1761.7214017652354,0.0015583385978655835,59.21806564664192,58.915682971950964
2024-10-16,58.42471961683828,1074.1220061180918,0.001010866325933634,58.541310979818824,57.66041699192693
2024-10-17,57.81049336875659,2002.8843704900976,0.0007529913131719722,57.97373534486041,57.05047150211248
2024-10-18,58.34433453435125,3697.7515911424653,0.000690923692555104,59.716672643639775,58.09161920130247
2024-10-19,59.94710140383801,3297.4756049365237,0.0012165208611210167,60.302001544277985,59.64175219422929
2024-10-20,60.183583757412876,2908.324149807057,0.00044308317769880374,60.215398908126936,59.50092666896103
2024-10-21,58.12362140162784,1382.9958864965254,0.0010501390215359374,58.16651700184702,57.762831043184605
2024-10-22,57.45524584130659,3180.153248307456,0.0007869551068100567,58.1578893110551,57.2737246701641
2024-10-23,57.93638415668355,3048.819398037394,0.0011743322177239688,58.4403075398683,57.74496025204488
2024-10-24,58.59496575055879,2734.4617035545593,0.0005667967353223619,59.07308801618447,57.99776033023008
2024-10-25,58.18561134468757,6039.690627566304,0.0006992334615009766,58.249128565582396,57.7392352156396
2024-10-26,58.41392254812092,1295.334016422425,0.0011315113765060102,58.747044648950364,58.39529812388552
2024-10-27,58.04955255056691,2925.49687574713,0.0012673819648985393,59.12231154996819,57.571859748062174
2024-10-28,57.45486181080462,4436.611411187409,4.3252940179692155e-05,57.9128272825344,56.91961418364294
2024-10-29,57.020898594281064,2450.4630682766892,0.00041892234575160016,57.23481737262574,56.30640844726175
2024-10-30,55.15968754677064,4392.480368909151,0.00036240079131527776,56.02805954912688,54.7628117591323
2024-10-31,55.40493921507347,4843.652434137427,0.0017066918492208674,55.54006498097287,55.24095102314959
2024-11-01,56.367754681965835,3484.665855767892,0.0008677958199354991,57.284933021849284,55.768192462826555
2024-11-02,56.83980061438814,2742.1217247189657,0.0013746834283450567,57.71497128532289,56.229580048420026
2024-11-03,56.149007776394235,2662.945294321543,0.0005907796608135985,56.23254680191564,55.78625670208049
2024-11-04,56.795267948273796,2809.520457130242,0.0010955890189215767,56.809107672533095,56.288985873004265
2024-11-05,56.06333870208109,3061.4012455719107,0.0005115683973740417,56.88742407133204,55.644872408436505
2024-11-06,56.85977262883167,3795.970250916916,0.0006991234440287047,56.923580556403465,55.9894540780803
2024-11-07,57.52665449749414,1655.2945432073932,0.0015028503163365585,57.94032501214533,57.41627841426368
2024-11-08,58.290321987444315,2114.0312876475446,-0.0004042896800215219,58.48854206305123,57.562907454085575
2024-11-09,60.16880486059687,2252.378420283626,0.0011870160584926807,60.44396822935666,59.79174061766297
2024-11-10,58.00042912628216,5542.420381302126,0.000797321101750256,58.18755171159008,57.65045989813676
2024-11-11,57.19251144771044,2534.19898025285,0.001210336268946082,57.523223430531395,55.78307038762422
2024-11-12,55.8676505768249,3605.7369534029726,0.0009741817993400231,55.921632992793505,55.824299067880645
2024-11-13,56.222610310738034,5250.659513882939,0.0007380116702128754,56.882933092741816,55.97627358975048
2024-11-14,56.62434074421429,1372.1133055431699,0.00014513461349868707,57.599153225938444,56.045697558557826
2024-11-15,56.297902160142336,3114.1833411313382,0.0014921407710213482,56.850352220044684,56.01714828580912
2024-11-16,57.661904095202566,3623.8063628719756,0.0009445075073526155,57.896804323955344,57.370461400480465
2024-11-17,59.41985991794071,2734.3353341960647,0.0006895342153645742,59.76914903964903,58.87261473959714
2024-11-18,60.484183651193234,2181.284385917976,0.0017579229805305718,61.74195274394705,59.576872016606195
2024-11-19,61.993552162771294,4611.8594538497,0.0012848216066891703,62.50389964686017,61.622333725652496
2024-11-20,61.20154608600836,2817.4058169644973,0.0002710983760064146,61.30074715592377,61.15524201584688
2024-11-21,59.93032845741971,2370.7378747767793,0.0007231605432447372,59.96793926851669,59.43359356256321
2024-11-22,62.27607041742639,5674.330918051198,0.0005134966655888468,62.953718206329654,61.24413588536217
2024-11-23,63.339084908192554,4162.178646327063,0.0004125226877624795,64.18562228185665,63.055980150689514
2024-11-24,62.94729804740739,2684.3513205573377,0.0007771854354604705,63.513415074688396,62.92085694729808
2024-11-25,63.89029343440448,2438.7198142022444,0.0018820579107429588,63.891732013761235,63.1038242820772
2024-11-26,64.77456269207153,4620.705032812536,0.0010193420804205733,64.83144188397827,64.13756799635529
2024-11-27,65.58367343234501,6220.8068957883115,0.0006331362938413333,66.29314448380616,64.97446682779128
2024-11-28,66.78929339660601,3550.6026617122698,0.0014691193006145238,67.30799573129995,66.33780827249579
2024-11-29,66.16699821445339,3532.564427820575,-0.00022281471180014226,66.4025116829777,65.9684710793104
2024-11-30,66.71194194696503,3296.4597557402576,0.0005984737662736424,67.21402783297312,66.64966369081927
2024-12-01,65.43465587603329,4736.181918344218,0.0007005823171037158,67.25283712133299,65.34631049212861
2024-12-02,66.22801267230365,7204.013512934126,0.0017765684743470218,66.98765189017249,65.99325485054403
2024-12-03,68.67719478163941,3479.5799496165732,0.0004061385843704869,68.83735884250261,67.84394099812508
2024-12-04,69.17873543730941,4820.1273518830085,0.0008184661886442313,69.81976290718175,68.36327272424064
2024-12-05,68.84942179024677,6139.645431079802,1.029545724941564e-05,69.51047479431608,68.20268871294556
2024-12-06,69.9665969318315,2226.762716790119,0.0009454865184935138,70.4273215570909,69.46538787955866
2024-12-07,68.50983403001344,5076.732844073223,0.0008038807389955072,69.25889801084001,67.98871169811693
2024-12-08,68.89704460001283,2189.926344900245,0.0009989739282582678,69.1559564585363,68.788068694119
2024-12-09,66.81533689499929,7733.63584697751,0.0007278483646323891,67.62589849554037,65.63513282764008
2024-12-10,67.27228063236839,1496.2251935167637,0.0013429887819388928,67.31498802774267,66.79018652196373
2024-12-11,65.75628179278812,3751.4956740031294,0.0009121876637332946,65.85660433002879,65.07439844453368
2024-12-12,66.40696872435964,5066.902460206322,0.0009839588756791835,67.00804911480802,66.14149783258604
2024-12-13,65.51246598837083,3280.455082237962,0.001181351357746001,65.7087399381036,65.14121988040846
2024-12-14,68.77786300392626,2139.3610304042368,0.000482787413609141,69.22829775049475,67.5854481078446
2024-12-15,66.73734239073181,7377.634457231608,0.0017508526569985135,67.08058543698785,65.47016124231365
2024-12-16,67.78581021696691,4576.368018185394,0.0008562062682353926,68.5805167059147,67.71838534542489
2024-12-17,66.12653724209,2779.731397513153,0.0011922130089001746,66.16898275736634,65.18444998348383
2024-12-18,67.00495207792007,3687.4189240121286,0.0006475234164497511,67.65273248955224,65.64166602283379
2024-12-19,66.81301740823508,1754.4500281333214,0.0019481838960780603,67.17003056493469,65.2295619165968
2024-12-20,64.80276241592611,2027.4097945844549,0.0005990946813864012,65.08630213139384,64.65560591178874
2024-12-21,65.70169767794364,2930.877751354312,0.001205010402742371,66.37394968929804,64.85682320690924
2024-12-22,64.96503806815156,3846.3061267111466,0.001194836602594238,65.04734818687832,64.62998760744594
2024-12-23,66.0608464717253,1499.9036206248647,-2.611537072375828e-05,66.7758801745823,65.70103311766366
2024-12-24,66.15199168595657,6517.280859103394,0.001318568111495611,66.33170479907203,64.56770033198853
2024-12-25,67.3939393145673,4586.024239783932,0.0008517628986770834,67.8252924215862,67.3193717781071
2024-12-26,67.4184186524026,3699.5017658059755,0.0010823192274050215,68.56467969915724,66.8105753181039
2024-12-27,67.5812071255069,5726.01148009857,0.0005203070483048859,67.85083600381684,67.43805508435027
2024-12-28,63.44526435516151,5755.746132113666,0.0019548761714826427,63.684284805932144,63.30147297609538
2024-12-29,61.79223676676546,2027.4910498680288,0.001652775618140941,62.03139513586915,61.54636597917726
2024-12-30,62.106909048995874,5346.81951301583,0.001623777005582817,62.502957023815334,61.88481458292403
2024-12-31,62.412708629378535,2922.479055500691,0.0017522871597282388,62.65832341580632,62.087985635570284
2025-01-01,63.96269114265499,4082.6581710604023,0.0007128698571126052,64.04151446930852,63.17706927439623
2025-01-02,65.14470954372312,3132.153718446461,0.0010598621093766691,65.8073010476509,64.8553568621703
2025-01-03,62.64918365587895,6775.318808576209,0.0007647965086029511,62.68099444847315,61.120530054911
2025-01-04,64.61986825541976,7466.0687728934145,0.0021281651283187944,65.682707114607,64.45691611778645
2025-01-05,66.58174511642798,6219.803629713359,0.0012578391865955476,66.61398590002683,66.45071072198932
2025-01-06,66.91020030717084,3405.5485868129244,0.0011706737863611068,67.20660508411481,66.58700049285744
2025-01-07,68.30850633977508,7958.616353487201,0.0009312268317179027,68.5373818158409,68.25990884905784
2025-01-08,67.1641950180753,2994.9428222693355,0.0008350729662071812,67.35335868201177,65.3454292483746
2025-01-09,68.63334257680206,7118.435214780007,0.0014093186039061594,68.75383549617219,68.32682777155375
2025-01-10,70.97135346550178,4424.609393487026,0.0008311698206638767,72.09057439561843,69.92933594806246
2025-01-11,70.77069219626463,3417.935051208616,0.0007119874142010249,71.20449309878659,70.10086721760462
2025-01-12,69.62598937872043,6824.021482050839,0.0015637862635292197,70.15570551519414,69.22946310509028
2025-01-13,67.88195026460639,2045.4457955666726,0.0007772668324101092,68.44895680498487,67.85036146311631
2025-01-14,68.45507903796988,1520.3274666961195,0.00020921663354132457,68.92943008864339,67.36354686118945
2025-01-15,67.69287937062239,2245.956527109284,0.0013789471448452779,67.87452564596653,67.43921896315138
2025-01-16,66.6252663245097,8538.295401408177,0.0014137469055512113,66.66163678537895,65.83844866252734
2025-01-17,65.02470935754059,7771.721895059367,0.0011298713750928435,66.90825704983403,64.97096110965443
2025-01-18,65.76763572837669,3371.957858068454,0.0013017408660842113,66.57385412048808,65.6783422555409
2025-01-19,66.16577838643552,2983.099973917789,0.0010532477480808071,66.97840532551149,65.65372171304203
2025-01-20,66.42185935219496,5756.9304258388165,0.0011897178016268884,66.99889489782247,66.06551710244769
2025-01-21,66.3592343684586,3036.1808386132516,-9.345684134403828e-05,67.12825257446084,66.04498635532704
2025-01-22,68.46268180418339,3199.5736628685577,0.0010976631854502663,68.65025116706002,68.11903284229601
2025-01-23,69.45858706202735,1124.5789968007784,0.0011663921613700489,69.84464092458374,69.1086142687352
2025-01-24,68.5868779712728,3473.830489200646,-0.00033513139933001395,68.79121455866671,67.77365317173715
2025-01-25,68.24501525446797,5545.009393774286,0.0008886533324398067,68.4022177663629,68.02563100965311
2025-01-26,69.2969999336089,4306.4138323161815,0.000724727734290216,70.06541381697967,68.34878484873128
2025-01-27,70.50783998400264,1935.9119115050855,0.0002972068647122694,70.51538123158812,70.44465182046234
2025-01-28,73.2546520029812,3872.768442223434,0.0006156844993593134,73.39728926165617,72.71476912237746
2025-01-29,70.96216016670428,2062.9656088691927,0.0005439165109210632,71.09325364531779,70.89136972661053
2025-01-30,72.05212624742597,7837.9625856635685,0.0011538134513270793,73.32872336411612,71.94229701898155
2025-01-31,72.20857071480383,1998.836403495811,0.00039978095800054627,73.05863350522394,71.20424628931346
2025-02-01,72.98095325508606,1738.9708114428033,0.0011063765464434342,73.66992087202065,72.46491154250157
2025-02-02,71.70920043139793,3553.2810739508873,0.0007339267373420921,71.9152046003487,71.22619041172875
2025-02-03,70.85521235911409,2191.6891015178094,0.0007394543841138016,71.47538429980686,70.76667671343934
2025-02-04,70.92298432755868,2052.844837355825,0.0005440458646377109,71.62600198528928,70.51192664027104
2025-02-05,69.21618613376737,3565.3774678666314,0.0012856797110978562,70.32905217794126,68.61142660978776
2025-02-06,71.52082097280108,2299.19946080691,0.0014595526673095971,73.03637317487497,70.62822372274908
2025-02-07,71.88649709820255,2618.3765996414927,0.0012181923011089768,72.08456412146671,71.2185683851252
2025-02-08,74.18567836531767,8050.4168443633325,0.0006277951932089559,74.45032808608457,73.81608435877341
2025-02-09,72.42391977127673,1279.3997944931034,0.0020125626102917567,72.90417012424966,72.24497347794082
2025-02-10,72.0690785873004,1721.5057988117262,0.001023508394997548,72.74194036328356,70.26194944828022
2025-02-11,69.6781010411424,5327.4604292458425,8.052454062302422e-05,69.69305136115115,69.27868173571265
2025-02-12,69.07501169433094,5073.016945800095,0.0008383333447632479,69.14068632882474,68.43132577725638
2025-02-13,69.3506305309047,3935.2186499228346,0.0008351847310229373,69.89286518913667,68.8181947097734
2025-02-14,66.72217364744365,1691.999096044156,0.0011431036575439853,66.9192882886237,66.21860140802325
2025-02-15,66.14405190551676,5673.5316133719,0.001705640815342501,67.39149452691349,65.23483645143416
2025-02-16,64.66676672836734,4424.550553337369,0.0006776026342741731,65.06672463415316,63.54297888781208
2025-02-17,64.04639032051332,3274.4409288049787,0.0008583653577890853,64.28667837064503,63.604422314284356
2025-02-18,62.661549849620336,2524.8007166606017,0.001772813691362491,63.29166100270314,62.088567459504134
2025-02-19,63.95083915492218,5818.645095705374,0.0007265094141242133,63.99734786304152,63.48832620319643
2025-02-20,62.98464874629517,1473.8018175493248,0.00047039839781719197,63.63184201640989,62.220010586068874
2025-02-21,61.49966109078805,2678.8569905397153,0.0006929630066683466,62.23199843163264,60.013234809892054
2025-02-22,61.01571552444053,5187.476277117224,0.0009731772981366933,61.618676356864675,60.243905274545895
2025-02-23,60.41990155778689,3460.8343902556517,0.00039547780257242625,61.256210492815086,59.91012025777364
2025-02-24,59.60979092160651,3133.8572443340654,0.0009739680665784223,59.87317479133647,59.29218566264261
2025-02-25,59.66228915075603,5165.039959015597,0.0010595223597625824,60.03112131902698,59.089637662998484
2025-02-26,59.17332915155986,5932.947885963213,0.0010639808026138454,59.64385495129303,58.686628616823725
2025-02-27,58.62555599114425,4051.557030328688,0.00041162472687527273,59.42530646475342,58.59812895336862
2025-02-28,57.142048277047785,2735.86936619083,0.0009652967211314538,58.02922552627629,56.884160031770215
2025-03-01,58.87001842425854,3034.361028534062,0.0010906155855353813,59.11732555944002,58.502102798233004
2025-03-02,58.22895326635022,4957.746444956814,0.0010275811236829164,59.055129078829346,56.7517801385053
2025-03-03,57.81294868481742,5179.796123064175,0.0010716076647762076,57.884493110347876,57.54895025775477
2025-03-04,58.28315053866452,2211.1938750351874,0.00029519944833863814,58.367159461952575,58.16510930048575
2025-03-05,58.993452441894156,3142.3499149570484,0.00042092682525149525,59.527317919143684,58.73136115062306
2025-03-06,59.639447858439254,4389.669316601771,0.0013487692962354692,59.71113752896881,59.0690489521257
2025-03-07,59.127574555907294,4666.372250408661,0.0013491455908473744,59.23757475571154,58.64925300988257
2025-03-08,58.04640125591718,1189.5178048791188,0.0005332784823314834,58.74560816200742,57.16479676059648
2025-03-09,56.84396089690852,5035.798741027503,0.0013042350615248702,56.8946933184046,55.99391874221029
2025-03-10,57.47509770050294,1858.8988444635697,0.0011576619326114312,57.54543743172128,57.26546949302417
2025-03-11,58.51860160590483,7188.648751558911,0.0013332238991993202,58.865703715636826,58.46740968283535
2025-03-12,61.578559699366075,4459.995389552394,0.00048721509468702075,62.22905654750764,61.13523418215812
2025-03-13,60.46520882462124,6978.882006501339,0.001019752873232196,61.2750533160383,59.52958981727707
2025-03-14,59.656931177142546,2574.3741528218316,0.0013724528548493592,60.69079352257039,59.07810888043571
2025-03-15,58.477724434005665,2416.0243446747772,4.983076805737329e-05,59.13882374070902,57.994112002343215
2025-03-16,59.64274805035027,2834.6917255105755,0.0009817414856519138,59.84891387595391,58.282998520270056
2025-03-17,59.7195953632138,2668.738097277426,0.0017058246436296943,60.0159484259526,59.18703058125775
2025-03-18,60.308176926566915,1543.3873453747067,0.000381954140334557,60.56595658658572,59.968317099282345
2025-03-19,61.547677607445884,3260.595574229273,0.0017363749477318055,61.81712960222975,61.4754427540294
2025-03-20,62.30965264504107,2845.8984161247195,0.001852886537315403,62.36727018403665,62.168268221824015
2025-03-21,63.58498171363175,3002.914395614702,0.0005728466252252505,64.44981385342234,63.09015835017326
2025-03-22,62.6441033454246,4022.836962289233,0.0009753070196322381,62.72357644199791,62.431393142521244
2025-03-23,64.63224352985564,2727.272630998965,0.0009446661534972557,64.74855541622905,63.712424713309645
2025-03-24,65.09609198466471,1714.6580849052614,0.0005628663337220441,65.360442720261,64.35259614045094
2025-03-25,65.10906031707296,1463.3182481537249,0.0008895329378046734,65.22240516441754,64.59403995224716
2025-03-26,66.23102643162555,2939.9594481851686,8.983081840223818e-05,66.26248993741704,65.23059883305815
2025-03-27,65.48608141014262,1819.6351312187471,0.0008759223699765967,65.62945721747413,65.35199256107487
2025-03-28,65.42222009230387,1254.3902436505073,0.0015093936569143744,65.5928846632874,64.81236782198911
2025-03-29,62.73033621293303,3565.542111155028,0.0011809022209354936,63.41647076753487,61.7863723514894
2025-03-30,61.55739175192097,2998.181292138202,-3.7894380821420744e-05,61.7210287931144,61.06091343630736
2025-03-31,63.45050175491702,815.3987763330322,0.0009384112035272956,63.48456272352999,62.28192323825188
2025-04-01,63.247913688206545,1478.7060942425474,0.0007577604297159017,63.57719781601162,62.966829266349066
2025-04-02,62.731994148007345,5412.538788765858,0.0002994664855040238,63.36892665290544,62.37053570101261
2025-04-03,62.02133770523448,5601.512454964828,0.000543259732114255,62.39229183518061,62.01290961478491
2025-04-04,62.63560823098864,4301.60812567662,0.0010327616502681897,62.861977064058564,62.38554481074631
2025-04-05,63.6816341147722,6668.362987604529,0.0012807070094785513,64.48070619005074,63.561392191578605
2025-04-06,63.723520721246075,2528.459203692476,0.0014507341708556586,64.91544647110403,62.66152770305021
2025-04-07,64.16188221265902,4198.7795954480725,0.0007310388031854841,64.58075008257208,63.92118374211929
2025-04-08,65.58638012080152,2543.711710140529,0.0012373441889664766,66.28543317364876,64.66185283555338
2025-04-09,66.0277981744541,1433.9356130273916,0.0009189944514188242,66.93233209340661,65.95088735574204
2025-04-10,64.72616843909404,3301.483871391076,0.0015529506970322381,65.90551810248866,63.765145130273986
2025-04-11,64.6418820631103,3830.15687180328,0.0018244248531646178,65.24397203509372,64.35229509737894
2025-04-12,63.486550569555625,2051.1070436140585,0.0019446018765603898,63.676521614905546,62.33185266510071
2025-04-13,62.97362993314389,3811.404118518113,0.0006264575859736531,63.95573732730604,62.880025972283924
2025-04-14,64.66264938504538,1568.506331404147,0.0007274387840839603,65.46328930099565,63.97048951313017
2025-04-15,63.325295379648615,1989.2765704400852,0.0005241244089194173,64.60763681496617,63.21236443298261
2025-04-16,63.95539065826986,2421.012716018083,0.0009120281758725853,64.27745302737843,63.44163131399709
2025-04-17,64.20307728332297,1005.4853093220632,0.0010140762238507303,64.56072506649231,62.981345971569155
2025-04-18,63.55973916936789,1268.718720718584,0.0010497454636148372,63.78135004398028,63.17137647427
2025-04-19,62.801691176397526,2307.6441929998073,0.0001645903171132154,63.22451079839067,62.67772615344436
2025-04-20,63.06415855227089,2404.1651575899864,0.00041131458572330945,63.71079658123182,62.28393265956306
2025-04-21,62.23834108417737,7028.666891764153,0.0014244408890383745,62.690177563482614,61.63969021012921
2025-04-22,61.92369025768988,2796.1192923681683,0.0006581114772389122,62.173239748320405,60.948401853435605
2025-04-23,63.56906096744959,2383.8363947579633,0.0010449487253705572,64.26737894057608,62.389547613385965
2025-04-24,63.53550127395309,3014.906469218994,0.000659788364363934,63.94699830214139,63.19435147270766
2025-04-25,63.392791252487676,2017.6703319630576,0.0004116062340885241,63.42353606397218,62.84221670801882
2025-04-26,65.53150049731846,2766.3835982642067,0.0004846065226949811,65.86792445441193,64.95535756516692
2025-04-27,65.72749241313363,3444.990198680151,0.0012884413644748665,66.02243086098632,65.09281194003069
2025-04-28,65.56831627542732,2859.1639764757824,0.0012502587396978199,65.74390604806791,64.5354961179289
2025-04-29,67.3062192426489,7000.438252555938,0.0005617480166896011,67.8552954564314,66.14697162576238
2025-04-30,66.30490151390647,3483.930716717612,0.00135432320363798,66.45437463668613,65.32326221823178
2025-05-01,64.80969062558073,1926.5041004692644,0.001573421105279481,65.2731616715046,64.18728183395302
2025-05-02,62.67063736070523,1560.3910135729318,0.0007876421695868127,63.08055400133015,62.49142862391903
2025-05-03,63.35003486027089,5815.580857947616,0.000191194589259465,63.503556529746774,62.394774674286296
2025-05-04,64.40704641532787,3632.513996921049,-6.362123596405475e-05,64.68836573034558,64.07223840258018
2025-05-05,61.78853888923508,6993.302975869575,0.0010472886928642486,62.11777770632937,61.71643061100213
2025-05-06,62.02689380666925,3296.685380048123,0.0014426706068763515,63.1690698316959,61.7128614464328
2025-05-07,63.33507955256547,5370.068841854791,0.0014302264550338179,64.79575606939042,62.854732394962774
2025-05-08,63.024274937175726,4128.248637484462,0.0015866620806392023,64.58892500186833,62.83301398216805
2025-05-09,62.83665078824784,2930.0666414543257,0.0007319680528956346,63.27961909463586,62.671025413022676
2025-05-10,63.85539656014344,1994.9036386869475,-8.166406779441717e-05,65.41635237416801,63.235566120645544
2025-05-11,62.918377499090475,5986.234197365436,0.001281707721969355,62.93700915092481,61.79957750243336
2025-05-12,63.585503574854016,1290.5290969730547,0.0013139439304801007,63.974953512157605,63.58492645289416
2025-05-13,65.11254039971408,4207.252597627698,0.00041254259696425094,65.56197668904233,64.79098923420763
2025-05-14,63.07873817610468,7436.670108267119,0.0019420620038318177,63.211911082649365,62.93601448063724
2025-05-15,63.82052104006274,6549.905499490131,0.0002913909536635366,64.36745390120483,63.26734202006775
2025-05-16,63.67173886681472,1690.3329108800679,0.0006194991761441816,64.82225024085736,63.58797715046064
2025-05-17,63.78307215620529,2058.923915868417,0.000835947098460424,64.7108328754978,63.121000854549635
2025-05-18,62.39410255742437,2436.0605202002866,0.00012653959656119752,62.791937756327606,61.779311271261186
2025-05-19,63.60156864788535,9026.739086594187,0.0011281602177270929,64.73535695733933,62.8960072974274
2025-05-20,61.20872849557855,3167.622603713318,0.0018058205420973432,61.33851828102453,60.65933652023966
2025-05-21,62.147112417532355,2288.243828970049,0.0007879813830710368,62.17136660754764,62.12344731053216
2025-05-22,63.29781582368891,1998.7287164978648,0.0014671524000856423,64.00492197780106,62.57200329684421
2025-05-23,64.94327127106756,1544.516207139668,0.0018851695937785182,65.8759045817409,64.09547511604443
2025-05-24,62.56832422540553,1367.1289512343292,0.00018049869273872106,62.79208942204326,62.330604593883336
2025-05-25,63.390404987098535,3851.63101632093,0.0018684544498649275,63.51141141981344,62.58464878625706
2025-05-26,65.14664279959725,1938.9316919863236,0.0007169177426839392,65.92638151249402,65.03056228933235
2025-05-27,65.54402208584739,3988.907301538572,0.0013077066770181176,65.67586871269644,63.20807398391258
2025-05-28,66.42658707259692,3131.5128493664347,0.0013893059949317416,67.0892478134558,65.86167539945683
2025-05-29,65.26777192390746,1415.3820346883542,0.0006578641471126649,65.35632376308561,64.29122776422894
2025-05-30,63.51050483527037,2218.7650593130547,0.0017475764667887347,63.54579878093487,63.280069260867634
2025-05-31,64.2451094737038,5723.2043213669385,0.0014594861009735178,64.33341967236893,63.5101414715405
2025-06-01,64.96252105994438,4653.927821715237,0.0009564488266294454,65.00362261206202,64.1497610624881
2025-06-02,64.06027936340355,2280.718013975763,0.001428440858006808,64.6441144320449,63.71783450954347
2025-06-03,62.982242641952034,3267.2559705159347,0.0011953283966844675,63.17643753898666,62.46674216719237
2025-06-04,62.25475570367502,1687.818302259974,0.0006657996971256585,62.65193339857382,61.72687942722703
2025-06-05,61.2168512594042,5023.02983524093,0.0012264875872542492,61.611953459317995,61.01692005457705
2025-06-06,61.073902629294274,1116.4067019717554,0.0008572125116036505,61.77189769699602,60.855551728356595
2025-06-07,60.39238421507892,2327.0505309332216,0.0015626934211659077,60.681341477414996,59.67049579843991
2025-06-08,62.43138019166465,947.0600431872172,0.0016372819744757247,62.896863385770416,62.04664330748363
2025-06-09,63.424996678759946,3107.2782326883785,0.0011790069586476448,64.21180193404382,63.25230838849282
2025-06-10,65.18861880182646,3166.3574674001266,0.0004365348168956694,65.27137046692218,64.50099447568286
2025-06-11,64.45294352652104,4867.879018960957,0.0012265125214633672,65.18104756523755,64.10931611769027
2025-06-12,64.09756574517709,6367.974401072209,0.0008458506248456299,64.74798277421674,63.622246346165674
2025-06-13,63.46247351666315,2455.7652189591895,0.0005921714625073286,63.59548198656255,62.99963800596958
2025-06-14,61.4112906660188,5313.728034939136,0.0006595363423361476,61.59816805236971,60.85098252260274
2025-06-15,61.94721947053584,2438.038862116356,0.0009448825641629945,62.84056570963158,61.75584217586647
2025-06-16,62.20172534020012,4588.063693796458,0.0009978914029549776,62.78300615850047,61.70254300121165
2025-06-17,64.63963317178877,2276.7906950393053,0.0013535337282901648,65.07742609021106,63.798905149510674
2025-06-18,67.50510852457504,9091.754886912957,0.0014088025003247263,67.88711371075273,67.38525941385947
2025-06-19,65.54174321705885,4790.239944318221,0.0005236505369549114,66.16875121606861,64.9066140395192
2025-06-20,63.0537863066819,1573.6911667204224,0.0010753465631722873,63.55355031649794,62.902720450093334
2025-06-21,64.53944209108687,7129.193038931117,0.0007669927377909156,64.64600719552061,63.976783670250974
2025-06-22,64.94699204200617,1816.281550122609,0.000641373753113812,66.24697372360268,64.3789877801067
2025-06-23,65.95974030272592,2564.7944156597473,0.0004880030202145559,66.38187878065656,65.8684566785499
2025-06-24,67.41162984796047,13620.776238360195,0.00048675873073336586,67.78406809314633,66.87254888435218
2025-06-25,67.5657558591994,4570.1900383667535,0.001124081391899706,68.83357249024561,67.30015762022282
2025-06-26,67.67423835172224,3668.879371323735,0.0012731789375526456,68.21904086766055,67.57969040908567
2025-06-27,67.24535207574588,5074.906979293532,0.0005020839408104446,67.60475148648452,67.02209579668151
2025-06-28,64.76317017362719,2155.1971167892375,0.00037012238002063385,65.77375235360458,63.995652389912955
2025-06-29,64.32504122468711,4016.4157407486696,0.0008165945309940383,64.5144253599351,64.24106210835689
2025-06-30,65.84944222310735,4121.348770075864,0.0009283983351041358,65.86434512756901,65.82409788543208
2025-07-01,64.12719975110673,2575.2967483630405,0.0009162905109374333,64.7457624601897,63.31243743086334
2025-07-02,65.02206910726342,3174.0986623609697,0.0014523553699795552,65.07882054113963,64.87712787977927
2025-07-03,64.99435696693759,1637.8815424947566,0.0016296001971726148,65.44992849480025,63.170440186595066
2025-07-04,63.37281529440354,4720.49829386635,-7.49277028093717e-05,63.588007560309265,61.722554833644324
2025-07-05,64.25486129313323,2055.1162600603593,0.0005131680221304223,64.45919488317863,64.09146626088186
2025-07-06,64.97599038841426,1771.424570197439,0.0005793042346300479,65.54878069447165,64.82088172308207
2025-07-07,64.5644722988422,3417.336644099572,0.0012002282651768562,64.75584770551039,63.851012192736
2025-07-08,63.12928380723378,2014.975022774569,0.001826375820242595,63.596159764168,63.06583914662889
2025-07-09,61.97445324218411,3907.15481882861,0.0009009609270977611,62.5078366330816,60.53062549395145
2025-07-10,64.01530477872568,5421.47768942731,0.00039668918872381846,64.7093183499027,63.38650637951291
2025-07-11,62.190291672896,1490.6642565105415,0.0009470501317270881,62.5500020859585,62.178990052486064
2025-07-12,63.932164507691134,1582.0752157046686,0.00037303762682413177,64.90475070909949,63.21918909608296
2025-07-13,64.07008170574144,3823.1897500040677,0.0010027238305999192,65.08467476510006,63.475408921016474
2025-07-14,64.55453013155056,2263.7916109422904,0.001111039691928699,65.15786693363981,63.589269106529485
2025-07-15,66.38375305704393,2939.9241879327433,0.0009012121230800696,67.27535914176671,65.27620986919311
2025-07-16,67.5477474945376,2174.514244391742,0.0006798402023193149,68.27919931157628,66.45660535455005
2025-07-17,67.44357232183556,2786.832220108959,6.513814033292558e-05,67.55721896315693,66.65605989938645
2025-07-18,67.88651585806926,6820.9855121678675,0.0014656153484319927,68.10651315675426,66.97388002510085
2025-07-19,68.03099725154303,2088.0837349394883,0.0003943041809051722,69.04496787418898,67.97454199583237
2025-07-20,69.04234973164165,3464.1874833583965,0.00042327869142570545,69.29629513869625,68.77641572704023
2025-07-21,69.28613200627613,4743.334963873522,0.0013719011562509198,69.80156829875084,68.50994194344426
2025-07-22,68.15831228527173,1777.4134917909767,0.0011954464196623636,69.39655740852479,67.99762338200043
2025-07-23,68.81438525432841,6342.76072417278,1.5456289128745965e-05,69.27320976774695,68.32441963022943
2025-07-24,65.66572575448669,1695.166902845908,0.0013942122004336572,65.79327864227893,65.35260112270178
2025-07-25,66.18125576633298,2946.209373271114,0.0006307585333256195,66.79580195356162,65.12202308116007
2025-07-26,68.29746947676351,1506.821353030188,0.0006234794547426386,68.35569472493339,67.12893716581458
2025-07-27,67.60191596492017,2831.615189955616,0.00017589367951478775,68.1115345589476,67.55626453335533
2025-07-28,66.22586003528109,1408.2031259932894,0.0011912589758489873,66.34667943551449,65.73656090126084
2025-07-29,64.38780620876238,3093.7444143705807,0.0016393321519129495,64.82959815998154,63.20260826694644
2025-07-30,63.81753576175141,3322.4085177362153,0.000476758013005755,64.74832608326645,62.64743418121626
2025-07-31,63.51254899726172,2151.7592230363102,0.0011305543020230149,63.53996187666796,62.452050402529395
2025-08-01,65.37605050988847,1942.201423113319,0.0014312977557068758,66.43171236673406,64.5766980802924
2025-08-02,63.186112861996904,4778.069461635526,0.0013590589945049452,63.26564754438583,62.63090575040374
2025-08-03,64.25791260394492,5628.0634007035005,0.0014978690856067257,64.89048887302886,63.813778905146506
2025-08-04,65.41573864995947,2256.149311078696,0.001114230694410556,66.27420667941243,65.02264272442017
2025-08-05,67.58351870215272,2773.1335720195843,0.0010381601769259181,67.77889842820056,67.13810232433677
2025-08-06,67.73572870922561,7078.825411414357,0.0014079926094570181,68.38227503379191,67.30970275997973
2025-08-07,65.94345037959238,2146.699757751371,0.0009704896756771952,66.02243369492008,64.86355675138691
2025-08-08,67.28638655549122,3143.976914465883,0.0009856822243664012,67.5399477296769,66.9198966567204
2025-08-09,64.83392385655876,3283.968936364329,0.0013282230924445476,64.8691487661532,64.51357031848286
2025-08-10,64.62225451900765,2606.9049965446025,0.0011188513895275397,64.70426628354657,64.37451979437725
2025-08-11,66.01807697879842,1712.8151136593926,0.0012417770202518032,66.48119960683354,65.71805185043124
2025-08-12,64.60455222219798,2783.8956748759224,0.0014092635291033282,65.90353185709547,64.37261506392296
2025-08-13,63.66588471913931,2061.9874866519385,0.0013198655714213889,63.92508874747059,63.3877143788788
2025-08-14,64.40599628599327,1422.9094383217575,0.0008241999337742664,64.58119854888916,64.0589753998077
2025-08-15,62.634293300710596,4878.088618402719,0.00063549852598976,62.8659371025761,61.29889434927421
2025-08-16,61.060924540986974,3058.413228185655,0.001237138208602843,61.36336412880316,60.74739122625097
2025-08-17,60.1656485493229,6964.832562817066,0.0016718958319014063,60.17057071246465,59.940203991642065
2025-08-18,59.94836028495366,3079.9113772158244,-0.00012731009758878671,61.06213069533437,59.43721011418275
2025-08-19,58.55629371270589,3011.1743010484033,0.000582872020668801,58.88981032293176,58.3303125157238
2025-08-20,57.53531099636627,1647.125643648497,0.0010714238388156478,58.53059482828595,57.51008308590035
2025-08-21,56.82774327355582,2811.9418629134198,0.001463919466523615,57.633478729334755,56.76261256639341
2025-08-22,55.384372792573835,3835.1474951277646,0.0006441606182813915,55.39763158065097,54.99754398854637
2025-08-23,54.09488714186369,7707.524466516103,-0.00019583761983056744,54.525445199036156,53.626521061048365
2025-08-24,54.71176072875893,4136.199441422735,0.0009630253672419428,55.36109451264455,54.23898406347539
2025-08-25,54.23507622966888,3357.339370155699,0.0009597701320270388,55.16380030170163,53.57806134707043
2025-08-26,55.086351958766656,2927.688445506086,0.0005313968971889234,55.81041148556214,54.92713213423048
2025-08-27,54.97384903736185,2162.373463125706,0.0008361595451786183,55.22598594762177,54.054133714790645
2025-08-28,57.63446510566455,2719.5682788925897,0.0011452392710043302,57.9612831325955,57.40761540954198
2025-08-29,56.636892526393545,5857.877139005458,0.0015201430991708346,56.71853500014654,56.00704241140504
2025-08-30,56.64481602301728,2297.0739980297626,0.0009877635302336792,56.86128130556163,55.75678017136113
2025-08-31,54.97872780841529,3943.4024253941207,0.0005731277832707481,55.403807573113596,54.93168957034592
2025-09-01,55.342600877122806,3308.811545042299,0.000164214688910215,55.95515588525611,55.28534046710921
2025-09-02,55.674772598184944,7227.014364063022,0.0003851360049491211,55.84486931065242,55.30046741795295
2025-09-03,55.749802053683894,2822.7491984404733,0.000948418732578772,55.76877130261161,55.659450002584954
2025-09-04,56.04121500397654,13971.98446518294,0.001158213382384637,56.6325280592864,55.64256947544447
2025-09-05,56.75258947631632,2033.7749108385908,0.0011696015895988308,57.299536372408866,55.66351435547471
2025-09-06,56.28420926002531,1493.2975937503295,0.000723253327430664,56.523277014491,56.0711731958033
2025-09-07,56.64502030640429,2914.5328136253634,0.00045675184241518614,57.16884625260344,56.39019268870178
2025-09-08,55.13051131183927,1660.5357944028851,0.001963325910143662,55.19326379496443,54.62943027131976
2025-09-09,53.75069679067527,3215.1339409370185,0.0010697753705672089,54.47195698792742,53.29502122605613
2025-09-10,54.59762755304407,3917.4361331848586,0.0005860301927835701,54.6590024017028,54.58669575714693
2025-09-11,55.59585362566809,2458.2669016447894,0.0003110623303791679,55.94034769506306,55.30556643036292
2025-09-12,55.62434431541634,4146.138926349348,0.0006224798252456988,56.01927209126423,54.9754919067408
2025-09-13,55.41083995451783,4143.439712744588,0.0017307112418939513,55.992225159023306,54.6889491510994
2025-09-14,54.56370296513441,3155.7952802093264,0.0014669306729218077,54.649150661797954,53.90051593539265
2025-09-15,55.82457233599576,2371.0659023246285,0.0007658054879707998,56.16626660327204,55.746096382637056
2025-09-16,56.402566356934905,2215.0565007156288,0.0009334677438477596,56.919149540705114,55.91129874089515
2025-09-17,57.096114278068235,4113.326497950798,-0.00023001651252892922,58.00548229702962,56.850026166362
2025-09-18,56.35397168592512,1413.606186607004,0.0009678208604285322,56.90261137523599,56.12761986972997
2025-09-19,57.100724250981585,5061.949239407221,0.000792431635471816,57.80671832070089,57.05939436976811
2025-09-20,55.792692149981306,4222.932524518189,0.000985629164578233,55.940028916958575,54.433055186708756
2025-09-21,53.30738559660247,2244.4598957043113,0.0002533918461218894,53.551956268233596,52.410742422955366
2025-09-22,52.219280780800894,4473.902627419608,0.0014618682702153896,52.3966852871771,51.89436020974722
2025-09-23,52.25085666102488,5586.733361921914,0.0011680048815123543,53.09696013644529,52.11906425179475
2025-09-24,50.576252736931885,1583.6122988071156,0.0009506260004841568,50.96972406815131,49.5133639914062
2025-09-25,51.521161185155236,2499.566832345792,0.0010641883749144872,51.994840173102986,51.0511868857028
2025-09-26,50.60943628585992,3416.987488537205,0.0015173940550802555,50.975117476811455,50.08710818285356
